filename,xmin,ymin,width,height,attribution,photowidth,photoheight
1001h.jpg,58,76,395,112,1,480,320
1001h.jpg,63,200,382,68,1,480,320
1003h.jpg,169,53,31,43,1,291,165
1004h.jpg,202,197,268,128,1,800,533
1006h.jpg,142,165,207,91,1,539,381
1007h.jpg,230,77,114,76,1,539,276
1008h.jpg,2,21,357,117,1,775,308
1008h.jpg,190,157,579,105,1,775,308
1009h.jpg,158,109,424,351,1,800,534
100s.jpg,139,216,197,132,2,620,349
100sj.jpg,46,71,148,97,2,252,234
100sp.jpg,0,1,128,128,2,127,127
1010h.jpg,8,7,131,203,1,146,235
1011h.jpg,32,7,140,287,1,211,310
1012h.jpg,68,111,46,55,1,325,201
1014h.jpg,72,83,199,98,1,330,280
1015h.jpg,658,508,426,428,1,1800,1197
1016h.jpg,13,13,102,240,1,420,260
1016h.jpg,132,55,88,162,1,420,260
1016h.jpg,229,101,90,135,1,420,260
1016h.jpg,326,45,88,191,1,420,260
1017h.jpg,19,17,243,155,1,300,199
1018h.jpg,22,18,261,132,1,317,205
1019h.jpg,2,13,68,115,1,201,143
1019h.jpg,123,1,71,131,1,201,143
101s.jpg,129,185,140,131,2,634,469
101sj.jpg,45,10,347,483,2,430,558
101sp.jpg,-4,2,116,111,2,118,118
1022h.jpg,63,34,88,98,1,238,193
1023h.jpg,566,360,108,184,1,1300,989
1024h.jpg,213,125,88,90,1,375,500
1025h.jpg,288,163,82,84,1,617,467
1026h.jpg,0,6,123,160,1,127,184
1028h.jpg,58,37,122,151,1,250,199
1029h.jpg,9,10,97,92,1,111,125
102s.jpg,90,21,364,351,2,500,364
102sp.jpg,0,2,95,102,2,101,101
1031h.jpg,4,42,139,272,1,254,326
1033h.jpg,26,36,260,143,1,355,217
1035h.jpg,123,93,220,133,1,436,270
1036h.jpg,6,28,254,308,1,264,340
1037h.jpg,101,76,89,100,1,380,342
1037h.jpg,199,122,121,82,1,380,342
1037h.jpg,220,14,99,105,1,380,342
1037h.jpg,-3,152,175,89,1,380,342
1037h.jpg,74,261,107,70,1,380,342
1037h.jpg,103,214,150,63,1,380,342
1039h.jpg,154,130,270,117,1,768,512
1039h.jpg,358,227,267,152,1,768,512
103s.jpg,63,31,666,490,2,766,530
103sj.jpg,583,363,177,130,2,1280,853
103sp.jpg,1,-1,128,132,2,130,130
1040h.jpg,140,30,191,238,1,436,287
1041h.jpg,126,90,88,114,1,328,244
1042h.jpg,9,22,56,127,1,190,159
1042h.jpg,90,15,75,128,1,190,159
1043h.jpg,124,196,173,206,1,728,546
1043h.jpg,436,176,200,148,1,728,546
1044h.jpg,94,122,176,127,1,420,296
1045h.jpg,32,32,349,221,1,410,283
1046h.jpg,60,47,59,34,1,297,219
1046h.jpg,46,130,180,64,1,297,219
1046h.jpg,201,30,58,42,1,297,219
1047h.jpg,38,110,65,79,1,325,201
1047h.jpg,165,29,60,71,1,325,201
1048h.jpg,273,47,104,130,1,450,278
1049h.jpg,4,56,188,112,1,258,258
104s.jpg,71,76,188,181,2,350,307
104sj.jpg,131,102,173,84,2,387,297
104sp.jpg,-2,3,75,73,2,74,74
1050h.jpg,60,17,92,138,1,245,196
1051h.jpg,154,98,58,86,1,390,280
1051h.jpg,99,10,52,70,1,390,280
1051h.jpg,18,127,81,57,1,390,280
1051h.jpg,28,198,65,39,1,390,280
1051h.jpg,212,36,51,41,1,390,280
1051h.jpg,230,83,88,63,1,390,280
1051h.jpg,2,8,52,63,1,390,280
1051h.jpg,12,52,127,52,1,390,280
1052h.jpg,87,66,270,448,1,441,641
1053h.jpg,548,322,549,589,1,1640,1319
1054h.jpg,104,213,80,90,1,550,340
1054h.jpg,275,69,84,108,1,550,340
1056h.jpg,31,0,160,176,1,231,158
1057h.jpg,116,0,434,793,1,547,810
105s.jpg,127,78,100,116,2,350,265
105sp.jpg,35,4,48,80,2,85,85
1060h.jpg,66,19,200,94,1,286,168
1063h.jpg,84,143,184,110,1,362,377
1064h.jpg,106,73,113,146,1,297,216
1065h.jpg,67,83,255,189,1,449,361
1066h.jpg,119,97,195,186,1,506,397
1068h.jpg,15,27,97,169,1,141,217
1069h.jpg,174,137,81,143,1,480,343
106s.jpg,174,76,402,351,2,580,435
106sp.jpg,2,3,68,58,2,67,67
1070h.jpg,25,48,588,440,1,685,541
1073h.jpg,110,59,86,71,1,285,229
1074h.jpg,978,436,1308,1052,1,3072,1936
1076h.jpg,42,67,362,343,1,497,439
1077h.jpg,31,23,127,115,1,199,158
1078h.jpg,169,171,175,143,1,566,400
1079h.jpg,14,18,148,257,1,186,300
107s.jpg,8,15,170,196,2,200,242
107sj.jpg,56,25,128,80,2,304,214
107sp.jpg,2,2,98,101,2,103,103
1080h.jpg,20,12,101,121,1,137,152
1082h.jpg,199,161,546,393,1,1024,768
1085h.jpg,38,7,295,163,1,332,202
1087h.jpg,32,21,111,210,1,166,257
1088h.jpg,138,126,438,922,1,800,1200
1089h.jpg,338,129,330,201,1,867,689
1089h.jpg,231,158,189,265,1,867,689
1089h.jpg,470,353,218,165,1,867,689
108s.jpg,167,70,187,264,2,500,342
108sj.jpg,10,-2,215,232,2,224,224
108sp.jpg,9,6,43,56,2,64,64
1093h.jpg,166,119,65,74,1,434,320
1094h.jpg,92,52,324,200,1,531,312
1095h.jpg,24,34,272,187,1,323,274
1097h.jpg,80,43,134,139,1,310,210
1099h.jpg,35,22,112,127,1,381,171
1099h.jpg,190,24,41,36,1,381,171
1099h.jpg,279,21,88,46,1,381,171
1099h.jpg,190,111,53,38,1,381,171
1099h.jpg,296,97,70,58,1,381,171
109s.jpg,23,42,206,177,2,277,249
109sj.jpg,29,2,155,214,2,224,224
109sp.jpg,45,10,56,74,2,109,109
10s.jpg,62,117,220,312,2,600,431
10sj.jpg,1,6,207,217,2,224,224
10sp.jpg,14,16,99,98,2,113,113
1101h.jpg,248,148,756,402,1,1280,720
1102h.jpg,131,117,36,39,1,253,190
1103h.jpg,472,43,285,172,1,800,600
1103h.jpg,-15,334,350,202,1,800,600
1103h.jpg,586,430,88,90,1,800,600
1105h.jpg,175,76,141,94,1,620,410
1105h.jpg,319,79,80,72,1,620,410
1105h.jpg,274,180,77,83,1,620,410
1105h.jpg,150,323,87,84,1,620,410
1108h.jpg,71,35,172,114,1,387,169
110s.jpg,2,201,180,128,2,940,627
110s.jpg,490,227,108,128,2,940,627
110s.jpg,727,243,196,164,2,940,627
110sj.jpg,234,222,176,89,2,620,464
110sp.jpg,2,0,77,74,2,76,76
1110h.jpg,27,29,109,173,1,375,576
1110h.jpg,254,15,96,203,1,375,576
1110h.jpg,171,173,102,189,1,375,576
1110h.jpg,211,427,152,81,1,375,576
1111h.jpg,5,16,307,151,1,317,205
1112h.jpg,10,21,55,161,1,134,197
1113h.jpg,343,100,576,358,1,1300,956
1114h.jpg,227,265,1086,600,1,1500,1054
1115h.jpg,163,46,50,52,1,457,181
1115h.jpg,215,55,41,59,1,457,181
1115h.jpg,198,102,38,40,1,457,181
1115h.jpg,324,96,41,59,1,457,181
1115h.jpg,413,27,45,39,1,457,181
1115h.jpg,45,0,40,48,1,457,181
1115h.jpg,92,0,44,39,1,457,181
1115h.jpg,268,-9,32,40,1,457,181
1115h.jpg,426,92,34,27,1,457,181
1115h.jpg,-8,93,30,69,1,457,181
1117h.jpg,198,89,199,270,1,592,395
1119h.jpg,127,84,303,184,1,500,333
111s.jpg,97,49,110,224,2,356,317
111s.jpg,156,28,103,221,2,356,317
111sj.jpg,276,165,54,108,2,500,490
111sp.jpg,13,-2,75,98,2,101,101
1120h.jpg,102,108,612,370,1,800,556
1121h.jpg,409,932,247,279,1,1521,1337
1121h.jpg,956,472,276,202,1,1521,1337
1123h.jpg,111,55,201,113,1,397,243
1124h.jpg,80,78,72,71,1,290,224
1125h.jpg,76,56,296,565,1,400,678
1126h.jpg,4,27,189,104,1,215,150
1127h.jpg,29,40,194,112,1,276,194
1128h.jpg,223,235,203,113,1,832,516
1128h.jpg,496,114,230,304,1,832,516
112s.jpg,66,115,66,45,2,220,234
112sj.jpg,9,73,54,71,2,382,218
112sj.jpg,64,63,36,34,2,382,218
112sj.jpg,111,104,25,37,2,382,218
112sj.jpg,147,111,20,24,2,382,218
112sj.jpg,193,83,20,18,2,382,218
112sj.jpg,243,105,52,38,2,382,218
112sj.jpg,284,139,21,16,2,382,218
112sj.jpg,284,99,44,24,2,382,218
112sp.jpg,1,1,84,80,2,82,82
1136h.jpg,98,58,109,109,1,294,237
1137h.jpg,57,10,136,129,1,212,144
1138h.jpg,208,125,201,233,1,640,480
1139h.jpg,148,59,258,265,1,592,501
113s.jpg,314,41,122,227,2,620,388
113sj.jpg,198,286,120,119,2,640,662
113sp.jpg,1,11,96,57,2,97,97
1141h.jpg,177,71,227,195,1,620,327
1142h.jpg,131,27,82,89,1,700,300
1142h.jpg,54,30,64,69,1,700,300
1142h.jpg,16,144,66,63,1,700,300
1142h.jpg,177,164,89,47,1,700,300
1142h.jpg,366,111,342,176,1,700,300
1143h.jpg,275,329,438,396,1,1000,1123
1145h.jpg,21,129,110,161,1,182,484
1146h.jpg,80,33,66,103,1,271,344
1146h.jpg,174,76,65,103,1,271,344
1146h.jpg,92,188,68,138,1,271,344
1147h.jpg,87,29,400,406,1,560,465
114s.jpg,354,132,66,72,2,792,360
114sj.jpg,248,66,206,120,2,475,320
114sp.jpg,3,2,102,99,2,102,102
1151h.jpg,49,102,438,225,1,500,376
1152h.jpg,149,94,520,1004,1,800,1200
1153h.jpg,1,-4,106,197,1,135,191
1154h.jpg,61,4,153,152,1,236,160
1155h.jpg,33,16,133,212,1,640,255
1155h.jpg,305,37,80,62,1,640,255
1155h.jpg,474,33,161,92,1,640,255
1155h.jpg,501,159,115,75,1,640,255
1155h.jpg,327,178,98,60,1,640,255
1156h.jpg,207,398,192,226,1,720,960
1158h.jpg,201,168,456,944,1,800,1200
115s.jpg,188,104,69,77,2,431,300
115sj.jpg,46,155,54,92,2,527,352
115sj.jpg,86,146,90,38,2,527,352
115sj.jpg,172,195,26,39,2,527,352
115sj.jpg,209,195,27,31,2,527,352
115sj.jpg,268,172,24,23,2,527,352
115sj.jpg,332,200,65,35,2,527,352
115sj.jpg,390,231,15,28,2,527,352
115sj.jpg,386,186,52,25,2,527,352
115sp.jpg,8,3,65,63,2,72,72
1160h.jpg,69,42,141,94,1,275,183
1162h.jpg,54,17,338,224,1,448,296
1163h.jpg,35,18,186,130,1,235,153
1164h.jpg,18,-18,187,184,1,213,142
116s.jpg,24,19,368,252,2,400,279
116sj.jpg,1,64,60,136,2,450,308
116sj.jpg,97,61,56,143,2,450,308
116sj.jpg,346,108,51,120,2,450,308
116sp.jpg,-1,5,107,103,2,108,108
1170h.jpg,30,18,155,404,1,583,438
1170h.jpg,223,84,71,135,1,583,438
1170h.jpg,267,9,180,289,1,583,438
1170h.jpg,480,21,118,310,1,583,438
1173h.jpg,55,128,99,129,1,427,264
1174h.jpg,157,96,71,85,1,295,221
1176h.jpg,25,35,394,95,1,450,306
1176h.jpg,22,171,382,112,1,450,306
1177h.jpg,-1,15,153,185,1,538,213
1177h.jpg,261,21,86,50,1,538,213
1177h.jpg,405,16,127,67,1,538,213
1177h.jpg,448,127,68,72,1,538,213
1177h.jpg,260,135,103,71,1,538,213
1179h.jpg,-11,20,171,218,1,189,254
117s.jpg,226,36,186,351,2,640,427
117sj.jpg,74,53,152,188,2,500,405
117sj.jpg,264,148,155,120,2,500,405
117sp.jpg,3,-3,93,107,2,101,101
1180h.jpg,39,21,220,184,1,300,278
1181h.jpg,120,95,281,279,1,594,406
1182h.jpg,91,57,550,990,1,681,1022
1184h.jpg,102,225,87,91,1,375,500
1184h.jpg,176,227,69,83,1,375,500
1185h.jpg,17,5,81,125,1,294,163
1185h.jpg,156,35,120,79,1,294,163
1186h.jpg,264,146,258,162,1,800,533
1187h.jpg,-3,-16,266,224,1,300,214
1188h.jpg,20,101,278,448,1,363,639
118s.jpg,525,172,409,400,2,1067,800
118sj.jpg,146,109,269,102,2,500,375
118sp.jpg,17,11,80,71,2,97,97
1191h.jpg,9,160,1162,738,1,1333,1000
1192h.jpg,121,109,180,252,1,550,340
1192h.jpg,268,-5,222,217,1,550,340
1194h.jpg,113,60,89,116,1,222,350
1194h.jpg,26,175,68,162,1,222,350
1196h.jpg,211,108,143,25,1,352,237
1196h.jpg,189,133,149,35,1,352,237
1197h.jpg,47,40,150,135,1,289,226
1198h.jpg,180,97,153,129,1,537,356
1199h.jpg,133,881,243,519,1,2104,1637
1199h.jpg,430,845,403,483,1,2104,1637
1199h.jpg,848,788,381,787,1,2104,1637
1199h.jpg,1325,899,268,486,1,2104,1637
1199h.jpg,1707,800,291,630,1,2104,1637
1199h.jpg,70,364,270,412,1,2104,1637
1199h.jpg,421,379,358,265,1,2104,1637
1199h.jpg,749,109,447,595,1,2104,1637
1199h.jpg,1331,214,205,442,1,2104,1637
1199h.jpg,1698,193,210,478,1,2104,1637
119s.jpg,127,110,117,208,2,350,401
119sj.jpg,215,109,85,94,2,500,359
119sp.jpg,15,1,96,108,2,110,110
11s.jpg,133,50,103,158,2,358,273
11sj.jpg,20,27,200,179,2,224,224
11sp.jpg,9,4,60,58,2,73,73
1200h.jpg,2,35,558,326,1,667,405
1201h.jpg,140,111,78,53,1,340,191
1202h.jpg,24,146,81,46,1,550,355
1202h.jpg,96,152,41,77,1,550,355
1202h.jpg,158,218,90,73,1,550,355
1202h.jpg,262,222,46,35,1,550,355
1202h.jpg,320,200,36,51,1,550,355
1202h.jpg,389,197,61,51,1,550,355
1202h.jpg,367,90,42,80,1,550,355
1202h.jpg,277,111,81,40,1,550,355
1202h.jpg,236,155,75,19,1,550,355
1202h.jpg,295,173,56,45,1,550,355
1202h.jpg,241,194,80,23,1,550,355
1202h.jpg,165,174,81,29,1,550,355
1202h.jpg,158,152,71,43,1,550,355
1202h.jpg,108,105,93,48,1,550,355
1202h.jpg,200,102,87,41,1,550,355
1203h.jpg,-4,17,113,183,1,250,233
1204h.jpg,326,102,374,398,1,800,583
1205h.jpg,99,41,105,68,1,253,190
1206h.jpg,92,119,56,112,1,371,260
1206h.jpg,157,72,103,139,1,371,260
1207h.jpg,346,312,469,333,1,1166,824
1208h.jpg,48,27,388,288,1,600,337
1209h.jpg,18,56,410,290,1,500,376
120s.jpg,24,4,248,168,2,279,180
120sj.jpg,40,60,188,130,2,295,221
120sp.jpg,-3,15,119,103,2,120,120
1210h.jpg,58,35,290,147,1,350,200
1211h.jpg,594,524,880,645,1,1853,1577
1212h.jpg,34,61,55,61,1,240,160
1212h.jpg,89,18,64,71,1,240,160
1213h.jpg,126,-11,617,275,1,800,250
1215h.jpg,15,18,311,170,1,389,232
1216h.jpg,126,211,165,200,1,466,620
1217h.jpg,5,-26,231,363,1,249,320
1219h.jpg,19,31,475,314,1,500,376
121s.jpg,127,13,1127,620,2,1356,668
121sj.jpg,281,127,124,108,2,666,411
121sp.jpg,0,6,92,80,2,88,88
1221h.jpg,44,10,219,146,1,276,194
1223h.jpg,174,167,311,166,1,616,471
1225h.jpg,772,522,188,312,1,1510,2014
1225h.jpg,180,1198,188,368,1,1510,2014
1225h.jpg,660,1434,200,172,1,1510,2014
1225h.jpg,416,1210,168,148,1,1510,2014
1225h.jpg,848,258,132,164,1,1510,2014
1226h.jpg,24,6,52,69,1,457,196
1226h.jpg,77,7,60,48,1,457,196
1226h.jpg,151,66,44,42,1,457,196
1226h.jpg,200,101,45,37,1,457,196
1226h.jpg,159,126,62,35,1,457,196
1226h.jpg,-27,114,62,54,1,457,196
1226h.jpg,217,-1,68,64,1,457,196
1226h.jpg,287,116,65,72,1,457,196
1226h.jpg,396,58,52,52,1,457,196
1226h.jpg,395,106,72,66,1,457,196
1227h.jpg,170,130,226,194,1,653,437
1228h.jpg,26,4,193,232,1,259,336
1229h.jpg,11,-26,121,194,1,232,174
122s.jpg,93,17,651,414,2,768,511
122sj.jpg,36,14,182,213,2,224,224
122sp.jpg,-4,6,98,82,2,92,92
1230h.jpg,-8,25,483,274,1,500,377
1233h.jpg,349,576,469,514,1,1268,1690
1235h.jpg,78,31,1057,670,1,1200,781
1239h.jpg,82,58,220,189,1,432,393
123s.jpg,14,15,238,149,2,259,194
123sj.jpg,30,6,178,220,2,224,224
123sp.jpg,13,75,353,268,2,378,378
1240h.jpg,274,289,846,492,1,1575,1142
1243h.jpg,72,109,208,114,1,336,336
1246h.jpg,22,68,88,68,1,250,188
1246h.jpg,145,28,87,149,1,250,188
1249h.jpg,213,72,237,392,1,640,427
124s.jpg,245,11,508,662,2,1030,686
124sj.jpg,113,72,120,102,2,400,275
124sp.jpg,3,-1,54,60,2,65,65
1250h.jpg,70,34,153,107,1,287,178
1251h.jpg,52,2,334,210,1,350,194
1252h.jpg,43,16,75,195,1,426,248
1252h.jpg,119,42,109,228,1,426,248
1252h.jpg,205,74,120,195,1,426,248
1252h.jpg,319,49,119,207,1,426,248
1254h.jpg,46,45,68,194,1,430,266
1254h.jpg,136,66,103,174,1,430,266
1254h.jpg,217,71,115,179,1,430,266
1254h.jpg,316,47,110,185,1,430,266
1256h.jpg,128,78,210,202,1,376,301
1258h.jpg,51,75,160,100,1,270,228
125s.jpg,241,16,517,646,2,1030,686
125sp.jpg,3,1,80,84,2,86,86
1260h.jpg,78,98,808,741,1,900,900
1261h.jpg,184,160,181,136,1,572,428
1262h.jpg,299,44,56,57,1,438,246
1263h.jpg,-2,26,285,169,1,297,220
1264h.jpg,215,42,121,118,1,468,290
1264h.jpg,67,183,81,93,1,468,290
1265h.jpg,78,89,265,141,1,534,335
1266h.jpg,36,55,138,236,1,550,340
1266h.jpg,164,84,119,217,1,550,340
1266h.jpg,282,121,138,213,1,550,340
1266h.jpg,390,97,157,207,1,550,340
1267h.jpg,6,62,456,724,1,466,812
1268h.jpg,55,-1,103,127,1,216,177
1269h.jpg,6,78,58,91,1,220,165
126s.jpg,162,67,464,296,2,660,371
126sj.jpg,110,70,65,73,2,337,193
126sp.jpg,6,6,78,78,2,88,88
1270h.jpg,59,-5,528,990,1,668,1002
1271h.jpg,24,32,109,178,1,300,208
1271h.jpg,165,-8,134,189,1,300,208
1272h.jpg,112,37,118,122,1,295,221
1273h.jpg,140,25,162,219,1,389,353
1275h.jpg,221,188,484,408,1,1300,1117
1276h.jpg,261,104,99,180,1,600,400
1276h.jpg,255,244,173,170,1,600,400
1279h.jpg,82,38,107,95,1,300,200
127s.jpg,60,26,92,168,2,208,208
127sp.jpg,0,0,41,39,2,40,40
1280h.jpg,349,34,116,66,1,580,111
1281h.jpg,254,173,105,108,1,616,463
1282h.jpg,518,486,447,649,1,1450,1713
1285h.jpg,2,9,200,114,1,211,140
1287h.jpg,-11,21,290,157,1,253,190
1288h.jpg,151,198,622,420,1,1024,683
1289h.jpg,154,126,271,205,1,550,341
128s.jpg,38,42,281,180,2,353,248
128sp.jpg,4,3,58,97,2,104,104
1290h.jpg,16,23,705,536,1,800,600
1291h.jpg,1,8,214,269,1,208,300
1292h.jpg,142,148,257,139,1,523,392
1293h.jpg,27,1,76,99,1,277,184
1293h.jpg,156,8,114,82,1,277,184
1293h.jpg,127,117,104,72,1,277,184
1294h.jpg,228,292,137,80,1,800,533
1294h.jpg,287,118,61,65,1,800,533
1294h.jpg,337,103,144,87,1,800,533
1294h.jpg,546,215,138,101,1,800,533
1294h.jpg,552,128,79,86,1,800,533
1294h.jpg,655,112,91,72,1,800,533
1294h.jpg,420,32,171,101,1,800,533
1294h.jpg,309,301,56,87,1,800,533
1294h.jpg,253,215,53,115,1,800,533
1294h.jpg,157,349,61,100,1,800,533
1294h.jpg,127,212,80,99,1,800,533
1294h.jpg,29,196,55,123,1,800,533
1294h.jpg,16,408,73,75,1,800,533
1294h.jpg,231,451,149,58,1,800,533
1294h.jpg,452,323,126,92,1,800,533
1294h.jpg,481,295,129,72,1,800,533
1294h.jpg,610,315,81,66,1,800,533
1294h.jpg,403,171,66,77,1,800,533
1294h.jpg,447,174,86,63,1,800,533
1294h.jpg,209,51,98,50,1,800,533
1294h.jpg,159,138,74,64,1,800,533
1294h.jpg,227,118,69,90,1,800,533
1294h.jpg,339,232,64,69,1,800,533
1294h.jpg,295,169,71,75,1,800,533
1294h.jpg,215,357,50,80,1,800,533
1295h.jpg,89,86,430,597,1,532,810
1297h.jpg,75,55,254,216,1,391,331
1298h.jpg,65,72,644,872,1,700,1016
129s.jpg,55,15,265,100,2,365,138
129sp.jpg,0,1,91,93,2,93,93
12s.jpg,18,33,283,224,2,322,271
12sj.jpg,16,2,189,220,2,224,224
12sp.jpg,8,5,107,112,2,118,118
1300h.jpg,259,176,59,79,1,602,400
1303h.jpg,223,113,279,168,1,600,400
1306h.jpg,-4,-24,263,277,1,237,237
1307h.jpg,52,45,182,131,1,317,205
1308h.jpg,1,3,454,261,1,451,278
1309h.jpg,28,28,234,172,1,249,214
130s.jpg,134,15,765,586,2,940,627
130sj.jpg,144,276,191,244,2,640,740
130sp.jpg,2,-2,18,27,2,23,23
1310h.jpg,44,73,204,179,1,403,320
1310h.jpg,191,67,192,181,1,403,320
1311h.jpg,71,29,112,132,1,390,280
1312h.jpg,-26,24,235,138,1,170,170
1313h.jpg,80,53,74,80,1,167,211
1314h.jpg,14,8,109,208,1,298,205
1314h.jpg,182,8,115,192,1,298,205
1315h.jpg,91,63,72,89,1,195,247
1316h.jpg,77,123,395,295,1,707,504
1319h.jpg,118,52,478,974,1,647,969
131s.jpg,58,92,332,148,2,475,317
131sj.jpg,208,201,224,188,2,800,582
131sp.jpg,-5,3,32,24,2,27,27
1322h.jpg,121,56,440,369,1,709,476
1324h.jpg,67,70,169,175,1,331,249
1325h.jpg,164,206,130,127,1,375,500
1325h.jpg,23,118,90,72,1,375,500
1328h.jpg,87,110,92,213,1,279,373
132s.jpg,65,25,1836,968,2,1920,1019
132sp.jpg,-4,-6,77,87,2,78,78
1330h.jpg,166,103,128,111,1,472,265
1331h.jpg,88,146,208,190,1,295,391
1332h.jpg,7,2,101,121,1,112,125
1334h.jpg,164,29,285,271,1,550,341
1335h.jpg,414,55,89,112,1,624,243
1335h.jpg,111,61,111,97,1,624,243
1336h.jpg,355,408,448,338,1,1077,1077
1339h.jpg,49,17,342,210,1,395,277
133s.jpg,18,15,188,152,2,220,186
133sj.jpg,2,6,219,217,2,224,224
133sp.jpg,0,21,125,94,2,122,122
1340h.jpg,1,9,283,172,1,280,171
1341h.jpg,28,62,55,69,1,253,190
1341h.jpg,94,58,50,54,1,253,190
1341h.jpg,148,91,46,62,1,253,190
1343h.jpg,79,52,82,90,1,293,222
1344h.jpg,69,67,129,100,1,297,220
1346h.jpg,54,0,675,455,1,800,450
1347h.jpg,17,64,255,132,1,265,182
1348h.jpg,53,44,143,237,1,480,737
1348h.jpg,318,46,115,260,1,480,737
1348h.jpg,223,236,96,199,1,480,737
1348h.jpg,250,478,209,241,1,480,737
1349h.jpg,54,25,79,83,1,600,259
1349h.jpg,120,16,66,82,1,600,259
1349h.jpg,209,83,60,65,1,600,259
1349h.jpg,258,100,51,70,1,600,259
1349h.jpg,239,161,51,57,1,600,259
1349h.jpg,-14,163,109,48,1,600,259
1349h.jpg,366,166,69,57,1,600,259
1349h.jpg,508,147,68,92,1,600,259
1349h.jpg,491,84,79,89,1,600,259
1349h.jpg,301,22,89,93,1,600,259
134s.jpg,70,46,384,299,2,620,349
134sj.jpg,31,24,183,242,2,235,276
134sp.jpg,1,5,99,80,2,95,95
1350h.jpg,45,40,232,135,1,305,214
1351h.jpg,15,7,43,106,1,140,117
1351h.jpg,74,14,70,89,1,140,117
1353h.jpg,135,140,261,546,1,456,746
1354h.jpg,53,51,119,51,1,285,229
1354h.jpg,123,91,25,37,1,285,229
1355h.jpg,105,78,56,39,1,266,246
1355h.jpg,111,180,63,40,1,266,246
1357h.jpg,141,51,147,242,1,401,293
1358h.jpg,151,135,93,133,1,408,393
1359h.jpg,6,29,103,142,1,268,192
1359h.jpg,153,21,104,126,1,268,192
135s.jpg,84,16,280,430,2,480,480
135sj.jpg,8,18,206,197,2,224,224
135sp.jpg,4,0,101,105,2,109,109
1362h.jpg,51,73,182,137,1,300,300
1363h.jpg,38,41,115,220,1,560,657
1363h.jpg,8,290,244,96,1,560,657
1363h.jpg,293,243,38,68,1,560,657
1365h.jpg,31,16,275,262,1,290,279
1366h.jpg,63,3,108,139,1,242,162
1367h.jpg,242,36,103,114,1,458,284
1367h.jpg,60,174,78,94,1,458,284
1368h.jpg,68,135,47,63,1,221,295
1369h.jpg,57,32,273,420,1,392,567
136s.jpg,172,36,178,81,2,638,352
136sj.jpg,44,15,141,189,2,224,224
136sp.jpg,-3,-5,27,27,2,24,24
1371h.jpg,161,44,53,57,1,305,213
1372h.jpg,173,133,316,396,1,688,600
1373h.jpg,48,78,77,79,1,296,221
1373h.jpg,156,34,114,154,1,296,221
1376h.jpg,7,30,71,203,1,369,235
1376h.jpg,64,36,127,216,1,369,235
1376h.jpg,177,57,103,192,1,369,235
1376h.jpg,255,59,117,186,1,369,235
1377h.jpg,129,105,84,92,1,279,234
1378h.jpg,112,51,190,151,1,456,241
1379h.jpg,30,-4,125,236,1,177,256
137s.jpg,53,66,396,341,2,624,416
137sj.jpg,63,92,307,248,2,500,420
137sp.jpg,-1,14,120,99,2,116,116
1380h.jpg,136,68,41,117,1,341,195
1380h.jpg,184,68,48,108,1,341,195
1381h.jpg,-13,9,54,92,1,152,96
1381h.jpg,55,44,65,54,1,152,96
1381h.jpg,50,-4,36,52,1,152,96
1382h.jpg,142,66,300,140,1,515,312
1382h.jpg,226,191,214,120,1,515,312
1384h.jpg,35,6,120,239,1,183,242
1385h.jpg,26,33,167,234,1,208,300
1388h.jpg,44,40,147,136,1,220,220
138s.jpg,71,89,54,28,2,266,190
138sj.jpg,331,188,171,173,2,700,525
138sp.jpg,2,0,77,100,2,100,100
1391h.jpg,98,63,148,179,1,311,234
1392h.jpg,98,113,935,565,1,1060,707
1394h.jpg,83,88,111,119,1,260,250
1395h.jpg,95,78,282,199,1,482,360
1396h.jpg,95,25,385,222,1,518,344
139s.jpg,128,60,537,495,2,760,571
139sj.jpg,242,37,32,59,2,283,204
139sj.jpg,72,104,70,32,2,283,204
139sp.jpg,3,14,121,91,2,126,126
13sj.jpg,138,91,100,112,2,450,339
13sp.jpg,6,2,24,32,2,36,36
1400h.jpg,191,326,1104,414,1,1500,968
1402h.jpg,106,44,146,101,1,398,204
1403h.jpg,10,0,224,190,1,253,191
1404h.jpg,83,1,247,255,1,400,300
1405h.jpg,184,82,197,251,1,500,364
1406h.jpg,57,149,137,123,1,635,501
1406h.jpg,212,0,118,89,1,635,501
1406h.jpg,493,145,68,105,1,635,501
1406h.jpg,275,268,151,111,1,635,501
1406h.jpg,293,353,152,130,1,635,501
1407h.jpg,32,85,253,420,1,341,573
1408h.jpg,6,31,542,271,1,550,340
1409h.jpg,25,66,424,557,1,432,628
140s.jpg,23,20,204,156,2,269,187
140sp.jpg,7,1,86,88,2,94,94
1410h.jpg,58,114,54,75,1,222,297
1410h.jpg,113,136,38,67,1,222,297
1411h.jpg,193,172,199,158,1,600,424
1412h.jpg,23,0,164,245,1,272,239
1413h.jpg,281,216,125,147,1,690,518
1414h.jpg,67,89,232,189,1,350,350
1415h.jpg,152,195,79,80,1,300,400
1415h.jpg,52,88,47,81,1,300,400
1416h.jpg,114,85,52,34,1,295,221
1418h.jpg,45,29,230,163,1,287,195
1419h.jpg,21,28,271,193,1,323,250
141s.jpg,11,28,216,166,2,241,209
141sp.jpg,0,6,104,92,2,104,104
1421h.jpg,195,254,626,692,1,800,1200
1422h.jpg,33,14,132,146,1,231,188
1423h.jpg,107,117,83,97,1,284,372
1424h.jpg,43,25,206,181,1,300,268
1425h.jpg,143,49,151,123,1,414,233
1426h.jpg,85,91,214,94,1,427,304
1428h.jpg,-12,-4,382,87,1,347,236
1428h.jpg,6,118,334,116,1,347,236
1429h.jpg,29,72,596,1020,1,708,1061
142s.jpg,30,9,206,174,2,275,183
142sj.jpg,168,65,63,80,2,325,230
142sj.jpg,239,70,37,91,2,325,230
142sp.jpg,0,8,77,84,2,85,85
1430h.jpg,82,46,248,173,1,397,269
1431h.jpg,171,98,946,681,1,1200,900
1432h.jpg,425,468,340,324,1,1200,1200
1434h.jpg,44,71,63,51,1,324,201
1435h.jpg,34,12,313,157,1,359,216
1436h.jpg,126,123,653,409,1,800,600
1437h.jpg,51,0,145,219,1,300,225
1438h.jpg,-17,24,166,162,1,122,190
1439h.jpg,176,165,327,172,1,642,482
143s.jpg,79,127,643,549,2,1024,768
143sj.jpg,132,116,56,52,2,400,308
143sp.jpg,11,-4,99,101,2,108,108
1440h.jpg,433,88,524,276,1,1000,520
1441h.jpg,84,49,219,142,1,415,218
1442h.jpg,-8,17,385,95,1,372,254
1442h.jpg,-17,141,370,117,1,372,254
1443h.jpg,46,41,221,117,1,353,212
1444h.jpg,36,33,329,200,1,383,232
1445h.jpg,28,68,66,67,1,238,178
1445h.jpg,143,22,74,136,1,238,178
1447h.jpg,39,34,384,573,1,480,625
1449h.jpg,184,90,138,174,1,564,364
144s.jpg,29,27,1864,950,2,1920,1019
144sj.jpg,2,6,211,212,2,224,224
144sp.jpg,1,7,104,104,2,114,114
1450h.jpg,-32,39,252,119,1,219,190
1451h.jpg,85,74,398,225,1,499,364
1452h.jpg,18,128,1087,596,1,1200,800
1453h.jpg,59,67,128,93,1,301,217
1455h.jpg,208,61,131,99,1,354,223
1456h.jpg,49,8,322,142,1,393,166
1457h.jpg,-3,11,349,175,1,325,201
1458h.jpg,-5,19,120,161,1,252,175
1458h.jpg,161,3,92,163,1,252,175
1459h.jpg,102,31,249,413,1,720,480
1459h.jpg,444,85,221,351,1,720,480
145s.jpg,76,46,468,577,2,571,760
145sj.jpg,14,1,172,144,2,187,150
145sp.jpg,-4,-3,44,50,2,43,43
1460h.jpg,263,191,312,202,1,800,571
1462h.jpg,121,280,46,51,1,339,454
1462h.jpg,180,303,60,68,1,339,454
1463h.jpg,138,191,219,118,1,630,467
1463h.jpg,416,91,102,131,1,630,467
1463h.jpg,470,41,214,142,1,630,467
1463h.jpg,102,-18,221,154,1,630,467
1463h.jpg,-56,104,121,103,1,630,467
1463h.jpg,-9,296,215,131,1,630,467
1464h.jpg,343,139,320,166,1,800,533
1466h.jpg,24,0,101,100,1,125,101
1467h.jpg,16,7,616,944,1,646,970
1468h.jpg,1058,728,1012,1320,1,3264,2448
146s.jpg,234,236,73,61,2,467,634
146sj.jpg,265,207,249,204,2,640,703
146sj.jpg,24,132,263,208,2,640,703
146sp.jpg,3,-3,81,64,2,86,86
1471h.jpg,112,77,56,48,1,208,181
1471h.jpg,83,-4,99,81,1,208,181
1471h.jpg,9,42,85,47,1,208,181
1471h.jpg,-5,96,105,68,1,208,181
1472h.jpg,137,41,452,741,1,607,799
1473h.jpg,110,61,256,277,1,399,375
1474h.jpg,141,94,518,934,1,800,1200
1475h.jpg,80,29,104,121,1,278,137
1477h.jpg,680,1216,380,396,1,1500,2100
1478h.jpg,237,240,40,37,1,600,400
147s.jpg,279,438,1015,664,2,2048,1536
147sp.jpg,-8,-5,41,46,2,38,38
1480h.jpg,129,88,51,62,1,254,221
1480h.jpg,85,10,110,92,1,254,221
1480h.jpg,63,60,51,63,1,254,221
1480h.jpg,1,128,123,78,1,254,221
1481h.jpg,83,113,52,75,1,202,237
1484h.jpg,14,23,167,272,1,192,300
1485h.jpg,213,116,394,276,1,800,495
1487h.jpg,219,159,180,402,1,812,610
1487h.jpg,422,162,284,410,1,812,610
1487h.jpg,288,43,189,124,1,812,610
1488h.jpg,161,158,85,132,1,367,480
1489h.jpg,18,25,156,219,1,180,248
148s.jpg,240,202,832,714,2,1694,1133
148sj.jpg,18,12,202,210,2,224,224
148sp.jpg,3,0,80,52,2,93,93
1490h.jpg,149,78,128,77,1,500,332
1491h.jpg,133,102,343,215,1,655,467
1493h.jpg,98,82,177,122,1,400,265
1495h.jpg,248,163,132,139,1,640,463
1496h.jpg,37,70,41,42,1,280,223
1496h.jpg,46,124,50,34,1,280,223
1496h.jpg,84,146,65,51,1,280,223
1496h.jpg,98,77,57,39,1,280,223
1496h.jpg,163,97,47,66,1,280,223
1496h.jpg,145,44,60,50,1,280,223
1497h.jpg,108,43,404,325,1,620,387
1498h.jpg,45,54,372,215,1,475,314
149s.jpg,43,16,660,684,2,736,763
149sj.jpg,150,201,92,57,2,500,438
149sj.jpg,247,201,52,45,2,500,438
149sj.jpg,298,217,81,68,2,500,438
149sp.jpg,-2,6,133,128,2,137,137
14s.jpg,464,357,100,100,2,1200,630
14sp.jpg,4,5,75,68,2,78,78
1500h.jpg,59,137,640,360,1,960,640
1501h.jpg,228,225,94,82,1,550,365
1502h.jpg,-5,19,164,300,1,194,300
1504h.jpg,87,64,72,97,1,180,234
1505h.jpg,42,86,48,42,1,300,225
1505h.jpg,66,121,69,60,1,300,225
1505h.jpg,116,75,55,55,1,300,225
1505h.jpg,153,65,67,44,1,300,225
1505h.jpg,157,112,70,69,1,300,225
1505h.jpg,195,78,46,63,1,300,225
1505h.jpg,-11,137,54,45,1,300,225
1506h.jpg,14,20,200,173,1,200,200
1507h.jpg,42,68,217,183,1,347,322
1509h.jpg,152,92,353,169,1,513,304
150s.jpg,218,115,60,55,2,500,281
150sj.jpg,59,17,283,240,2,370,287
150sp.jpg,0,14,81,68,2,81,81
1510h.jpg,74,40,152,103,1,324,166
1511h.jpg,83,117,397,281,1,632,451
1512h.jpg,242,167,943,614,1,1200,800
1513h.jpg,70,33,164,91,1,295,221
1514h.jpg,275,442,230,114,1,1054,728
1515h.jpg,75,28,325,525,1,500,558
1516h.jpg,18,8,225,225,1,250,248
1517h.jpg,119,40,78,42,1,313,209
1517h.jpg,152,86,48,30,1,313,209
1517h.jpg,168,116,40,59,1,313,209
1517h.jpg,212,85,25,40,1,313,209
1517h.jpg,221,24,52,50,1,313,209
1517h.jpg,260,86,44,59,1,313,209
1518h.jpg,20,20,98,180,1,169,212
1519h.jpg,96,35,66,88,1,259,194
151s.jpg,76,127,540,405,2,640,640
151sp.jpg,8,3,99,100,2,110,110
1520h.jpg,150,16,191,194,1,480,314
1521h.jpg,157,23,276,298,1,506,354
1522h.jpg,21,5,280,194,1,307,213
1523h.jpg,121,-37,319,791,1,551,798
1524h.jpg,197,57,716,1046,1,1044,1158
1525h.jpg,49,17,189,204,1,319,239
1526h.jpg,51,30,246,335,1,357,385
1527h.jpg,11,3,235,199,1,296,222
1528h.jpg,2,-5,329,240,1,296,222
1529h.jpg,9,0,198,194,1,185,185
152s.jpg,148,43,242,320,2,600,451
152sj.jpg,131,71,309,306,2,500,375
152sp.jpg,13,5,98,102,2,114,114
1530h.jpg,9,15,198,141,1,219,147
1531h.jpg,39,0,228,199,1,296,222
1532h.jpg,51,19,190,154,1,343,190
1533h.jpg,15,-7,158,163,1,244,183
1534h.jpg,70,56,149,138,1,427,284
1535h.jpg,45,8,210,171,1,300,200
1536h.jpg,59,69,647,445,1,720,540
1537h.jpg,52,31,142,109,1,234,155
1538h.jpg,5,18,201,91,1,202,116
1539h.jpg,0,-13,219,290,1,234,280
153s.jpg,487,242,272,245,2,992,744
153sj.jpg,14,-12,176,214,2,300,200
153sp.jpg,1,4,118,112,2,122,122
1540h.jpg,18,-4,279,215,1,316,207
1541h.jpg,75,58,660,455,1,720,540
1542h.jpg,177,94,514,1004,1,800,1200
1543h.jpg,57,43,269,77,1,320,320
1543h.jpg,13,114,279,153,1,320,320
1545h.jpg,117,131,590,904,1,677,1014
1546h.jpg,30,26,365,270,1,412,320
1547h.jpg,-3,0,230,223,1,248,263
1548h.jpg,206,58,314,420,1,720,540
1549h.jpg,58,89,355,350,1,594,460
154s.jpg,6,3,221,236,2,300,299
154sj.jpg,91,98,164,166,2,550,340
154sp.jpg,5,10,120,104,2,124,124
1550h.jpg,134,98,252,171,1,519,423
1551h.jpg,48,2,803,526,1,974,648
1552h.jpg,97,90,145,125,1,640,425
1552h.jpg,180,171,84,103,1,640,425
1552h.jpg,362,223,87,154,1,640,425
1552h.jpg,230,119,102,103,1,640,425
1553h.jpg,-29,14,330,167,1,276,194
1554h.jpg,65,258,582,734,1,800,1200
1555h.jpg,123,204,51,37,1,541,371
1555h.jpg,178,162,43,61,1,541,371
1555h.jpg,182,204,42,40,1,541,371
1555h.jpg,194,247,31,81,1,541,371
1555h.jpg,224,244,76,32,1,541,371
1555h.jpg,230,115,61,66,1,541,371
1555h.jpg,246,171,50,49,1,541,371
1555h.jpg,316,119,48,75,1,541,371
1555h.jpg,364,75,55,76,1,541,371
1556h.jpg,37,6,153,205,1,295,221
1557h.jpg,98,37,70,55,1,250,188
1558h.jpg,144,86,195,99,1,371,260
1559h.jpg,23,39,198,205,1,199,219
155s.jpg,16,2,361,476,2,400,480
155sj.jpg,13,6,191,177,2,224,224
155sp.jpg,1,6,28,24,2,33,33
1560h.jpg,232,96,281,211,1,800,600
1561h.jpg,-10,17,339,218,1,281,231
1562h.jpg,-6,8,118,130,1,410,159
1562h.jpg,137,14,99,105,1,410,159
1562h.jpg,292,11,120,125,1,410,159
1563h.jpg,25,-18,877,1075,1,849,1274
1564h.jpg,49,21,436,378,1,499,427
1565h.jpg,132,118,810,918,1,1075,1193
1566h.jpg,29,26,178,114,1,292,224
1567h.jpg,66,66,107,144,1,360,253
1567h.jpg,153,53,106,135,1,360,253
1568h.jpg,41,42,82,98,1,235,277
1569h.jpg,7,94,395,429,1,720,540
1569h.jpg,415,139,277,385,1,720,540
156s.jpg,64,62,383,666,2,533,800
156sj.jpg,61,50,63,44,2,478,376
156sj.jpg,297,230,58,54,2,478,376
156sp.jpg,14,4,95,98,2,113,113
1570h.jpg,175,48,131,136,1,428,257
1571h.jpg,42,31,352,255,1,407,267
1572h.jpg,122,150,534,391,1,960,629
1573h.jpg,-14,-27,320,269,1,271,241
1574h.jpg,93,-23,546,1000,1,648,971
1575h.jpg,10,-22,254,259,1,263,220
1576h.jpg,17,-2,305,224,1,313,209
1577h.jpg,0,34,321,182,1,296,222
1578h.jpg,224,11,204,163,1,749,562
1578h.jpg,216,382,251,189,1,749,562
1579h.jpg,14,26,300,264,1,300,276
157s.jpg,117,424,452,392,2,720,1280
157sj.jpg,98,40,124,106,2,332,197
157sp.jpg,2,14,74,40,2,80,80
1580h.jpg,76,2,116,100,1,251,175
1581h.jpg,86,35,27,42,1,289,226
1581h.jpg,124,27,36,45,1,289,226
1581h.jpg,175,36,35,41,1,289,226
1581h.jpg,180,89,38,42,1,289,226
1581h.jpg,125,94,49,38,1,289,226
1581h.jpg,84,91,39,34,1,289,226
1581h.jpg,65,136,45,35,1,289,226
1581h.jpg,130,154,38,30,1,289,226
1581h.jpg,181,134,33,42,1,289,226
1582h.jpg,188,66,964,694,1,1200,800
1583h.jpg,18,-41,195,200,1,233,136
1584h.jpg,45,5,91,151,1,500,195
1584h.jpg,182,31,116,152,1,500,195
1584h.jpg,341,11,134,153,1,500,195
1585h.jpg,32,15,546,910,1,627,942
1586h.jpg,118,68,133,162,1,400,300
1588h.jpg,-13,7,75,79,1,138,86
1588h.jpg,64,-16,73,104,1,138,86
1589h.jpg,-4,14,202,194,1,235,277
158s.jpg,37,170,304,461,2,409,670
158sj.jpg,215,60,129,102,2,450,252
158sp.jpg,13,12,101,75,2,106,106
1590h.jpg,17,41,242,164,1,296,222
1591h.jpg,94,61,263,170,1,400,298
1592h.jpg,9,42,278,182,1,296,222
1593h.jpg,18,68,254,146,1,296,222
1594h.jpg,61,27,624,504,1,720,540
1595h.jpg,83,19,295,444,1,410,457
1596h.jpg,103,134,722,1020,1,800,1200
1597h.jpg,2,7,255,312,1,221,320
1598h.jpg,422,186,289,498,1,1024,682
1599h.jpg,20,33,294,175,1,315,229
159s.jpg,60,16,180,220,2,311,236
159sp.jpg,-2,2,48,52,2,57,57
15s.jpg,174,52,278,300,2,620,349
15sj.jpg,182,144,272,92,2,500,300
15sp.jpg,-1,3,130,116,2,129,129
1600h.jpg,29,34,280,198,1,296,222
1601h.jpg,-5,152,642,712,1,616,924
1602h.jpg,178,80,385,318,1,600,420
1603h.jpg,54,-18,166,216,1,374,280
1603h.jpg,186,15,173,184,1,374,280
1604h.jpg,-11,15,539,455,1,550,488
1605h.jpg,13,6,221,317,1,239,320
1606h.jpg,-12,35,204,140,1,187,207
1607h.jpg,15,1,906,514,1,925,616
1608h.jpg,84,89,33,46,1,320,413
1608h.jpg,86,60,16,34,1,320,413
1608h.jpg,77,32,19,21,1,320,413
1608h.jpg,64,122,23,35,1,320,413
1608h.jpg,146,104,13,31,1,320,413
1608h.jpg,109,1,23,20,1,320,413
1608h.jpg,106,29,26,22,1,320,413
1608h.jpg,124,85,19,19,1,320,413
1608h.jpg,120,122,24,16,1,320,413
1608h.jpg,132,169,31,25,1,320,413
1608h.jpg,143,226,24,23,1,320,413
1608h.jpg,152,270,17,20,1,320,413
1608h.jpg,142,307,25,26,1,320,413
1608h.jpg,193,231,27,55,1,320,413
1608h.jpg,182,283,19,26,1,320,413
1609h.jpg,-1,51,622,491,1,720,540
160s.jpg,139,57,84,123,2,322,235
160sj.jpg,40,6,168,205,2,224,224
160sp.jpg,0,-1,24,31,2,31,31
1610h.jpg,43,6,246,173,1,300,200
1611h.jpg,44,66,141,160,1,245,230
1612h.jpg,92,54,212,190,1,391,297
1613h.jpg,99,161,498,616,1,629,943
1614h.jpg,42,35,143,272,1,212,267
1615h.jpg,125,24,512,920,1,800,1200
1616h.jpg,141,31,266,259,1,500,375
1617h.jpg,42,69,274,201,1,500,332
1618h.jpg,48,-2,481,731,1,525,809
1619h.jpg,111,148,484,992,1,800,1200
161s.jpg,237,255,64,49,2,634,467
161sj.jpg,265,94,403,393,2,800,638
1620h.jpg,65,118,594,942,1,800,1200
1621h.jpg,68,3,174,226,1,316,221
1622h.jpg,155,204,460,748,1,800,1200
1623h.jpg,86,84,67,34,1,290,224
1623h.jpg,127,119,45,34,1,290,224
1624h.jpg,46,180,660,768,1,755,1132
1625h.jpg,138,84,217,122,1,500,300
1626h.jpg,18,72,1087,594,1,1200,800
1627h.jpg,64,76,264,140,1,500,500
1627h.jpg,42,201,477,172,1,500,500
1628h.jpg,63,155,146,165,1,519,390
1629h.jpg,58,59,605,465,1,720,540
162s.jpg,85,56,100,127,2,322,235
162sj.jpg,178,163,136,54,2,500,375
162sp.jpg,-2,-7,33,36,2,29,29
1630h.jpg,80,25,193,137,1,287,144
1631h.jpg,-27,53,371,193,1,401,293
1632h.jpg,188,63,284,405,1,800,600
1633h.jpg,32,-4,221,154,1,264,177
1634h.jpg,146,164,35,44,1,200,252
1635h.jpg,131,95,85,96,1,640,364
1635h.jpg,186,165,72,86,1,640,364
1635h.jpg,280,128,72,109,1,640,364
1635h.jpg,352,223,90,131,1,640,364
1636h.jpg,81,46,305,447,1,492,522
1637h.jpg,326,186,136,129,1,600,420
1638h.jpg,98,47,1010,677,1,1200,800
1639h.jpg,15,38,294,139,1,296,222
163s.jpg,135,121,549,380,2,884,511
163sj.jpg,547,360,213,258,2,1435,1003
163sp.jpg,-1,-4,96,102,2,97,97
1640h.jpg,53,36,398,137,1,480,231
1641h.jpg,75,24,475,242,1,539,356
1642h.jpg,127,27,57,30,1,245,162
1642h.jpg,185,23,43,29,1,245,162
1642h.jpg,167,57,50,49,1,245,162
1642h.jpg,220,67,40,50,1,245,162
1642h.jpg,100,60,48,46,1,245,162
1642h.jpg,111,92,71,57,1,245,162
1643h.jpg,112,71,158,168,1,440,330
1644h.jpg,-19,77,708,856,1,644,967
1645h.jpg,175,107,797,501,1,994,663
1646h.jpg,56,-2,306,313,1,400,300
1647h.jpg,75,145,494,702,1,628,943
1648h.jpg,140,5,417,169,1,539,347
1648h.jpg,32,145,172,171,1,539,347
1649h.jpg,139,88,130,107,1,400,300
1649h.jpg,42,32,39,41,1,400,300
1649h.jpg,105,32,36,41,1,400,300
1649h.jpg,162,27,42,54,1,400,300
1649h.jpg,241,181,40,54,1,400,300
1649h.jpg,316,189,45,44,1,400,300
164s.jpg,229,290,312,255,2,877,805
164sj.jpg,96,84,110,61,2,295,221
164sp.jpg,2,0,112,103,2,115,115
1650h.jpg,191,213,61,89,1,749,562
1650h.jpg,236,363,104,86,1,749,562
1650h.jpg,348,452,65,48,1,749,562
1650h.jpg,357,248,59,110,1,749,562
1650h.jpg,545,330,91,96,1,749,562
1650h.jpg,243,112,83,74,1,749,562
1650h.jpg,334,61,85,101,1,749,562
1651h.jpg,48,27,391,316,1,454,348
1652h.jpg,119,270,606,788,1,800,1200
1653h.jpg,173,162,662,706,1,800,1200
1654h.jpg,320,170,848,578,1,1200,800
1656h.jpg,40,122,582,842,1,662,993
1657h.jpg,346,194,212,315,1,816,544
1658h.jpg,2,1,289,224,1,296,222
1659h.jpg,23,-1,201,140,1,240,144
165s.jpg,18,76,553,317,2,580,459
165sj.jpg,158,48,283,331,2,497,593
165sp.jpg,1,82,124,48,2,121,121
1660h.jpg,83,194,239,259,1,638,479
1661h.jpg,71,43,45,35,1,295,221
1661h.jpg,133,24,31,50,1,295,221
1661h.jpg,177,35,28,51,1,295,221
1661h.jpg,172,90,37,26,1,295,221
1661h.jpg,138,92,43,40,1,295,221
1661h.jpg,96,93,33,31,1,295,221
1661h.jpg,70,128,41,41,1,295,221
1661h.jpg,120,135,42,42,1,295,221
1661h.jpg,173,130,38,57,1,295,221
1662h.jpg,95,19,160,245,1,292,220
1663h.jpg,31,2,35,57,1,83,114
1664h.jpg,137,158,506,982,1,800,1200
1665h.jpg,73,4,198,150,1,267,131
1666h.jpg,10,51,66,68,1,233,151
1666h.jpg,112,1,80,92,1,233,151
1667h.jpg,34,30,73,53,1,305,169
1667h.jpg,78,66,59,67,1,305,169
1667h.jpg,129,47,32,55,1,305,169
1667h.jpg,168,98,56,75,1,305,169
1668h.jpg,115,227,350,568,1,628,943
1669h.jpg,101,94,175,262,1,368,359
166s.jpg,20,61,258,258,2,307,355
166sj.jpg,28,20,193,182,2,224,224
166sp.jpg,-4,10,130,106,2,124,124
1670h.jpg,139,224,660,908,1,800,1200
1671h.jpg,111,27,51,47,1,262,173
1671h.jpg,126,75,30,33,1,262,173
1671h.jpg,136,105,29,35,1,262,173
1671h.jpg,173,69,51,49,1,262,173
1671h.jpg,180,15,76,50,1,262,173
1671h.jpg,216,61,49,88,1,262,173
1672h.jpg,59,28,754,1036,1,800,1200
1673h.jpg,38,56,570,958,1,639,960
1674h.jpg,24,20,304,250,1,284,229
1675h.jpg,102,40,60,32,1,252,168
1675h.jpg,136,78,31,37,1,252,168
1675h.jpg,131,109,52,42,1,252,168
1675h.jpg,171,34,44,72,1,252,168
1675h.jpg,194,12,47,62,1,252,168
1675h.jpg,210,64,67,101,1,252,168
1676h.jpg,-5,-7,144,244,1,173,251
1677h.jpg,-13,-13,112,124,1,124,99
1678h.jpg,-21,144,788,972,1,800,1200
1679h.jpg,92,13,639,522,1,720,540
167s.jpg,22,5,761,672,2,795,679
167sj.jpg,320,87,256,308,2,800,571
167sp.jpg,-5,-1,89,82,2,87,87
1680h.jpg,94,-21,234,259,1,321,240
1681h.jpg,22,49,272,184,1,296,222
1682h.jpg,112,47,226,186,1,401,293
1683h.jpg,43,18,154,179,1,295,221
1684h.jpg,94,26,69,41,1,233,156
1684h.jpg,119,67,26,34,1,233,156
1684h.jpg,98,89,60,39,1,233,156
1684h.jpg,163,48,30,45,1,233,156
1684h.jpg,182,8,37,59,1,233,156
1684h.jpg,209,58,29,62,1,233,156
1685h.jpg,60,14,85,91,1,218,120
1686h.jpg,112,27,116,157,1,311,209
1687h.jpg,90,54,115,104,1,305,214
1688h.jpg,124,138,87,123,1,313,409
1689h.jpg,28,51,614,808,1,658,986
168s.jpg,44,53,344,305,2,392,423
168sj.jpg,166,62,180,249,2,500,400
168sp.jpg,-11,6,121,96,2,112,112
1690h.jpg,55,20,116,141,1,500,195
1690h.jpg,194,24,88,118,1,500,195
1690h.jpg,343,11,120,159,1,500,195
1691h.jpg,-24,13,290,204,1,296,222
1692h.jpg,112,19,52,55,1,248,166
1692h.jpg,105,63,34,57,1,248,166
1692h.jpg,104,85,48,60,1,248,166
1692h.jpg,149,62,71,71,1,248,166
1692h.jpg,187,23,58,47,1,248,166
1692h.jpg,204,61,75,100,1,248,166
1693h.jpg,263,108,763,708,1,1200,800
1694h.jpg,-9,71,90,74,1,199,177
1694h.jpg,89,39,95,62,1,199,177
1695h.jpg,125,56,213,152,1,452,320
1696h.jpg,58,119,502,752,1,627,942
1697h.jpg,90,62,167,227,1,372,290
1698h.jpg,154,96,414,832,1,630,945
1699h.jpg,152,116,461,776,1,578,917
169s.jpg,51,103,179,234,2,276,374
169sj.jpg,-10,25,150,106,2,150,150
169sp.jpg,4,16,106,82,2,108,108
16s.jpg,207,387,350,278,2,633,770
16sj.jpg,50,22,206,184,2,324,201
16sp.jpg,-5,0,43,39,2,43,43
1700h.jpg,199,218,434,822,1,800,1200
1701h.jpg,169,45,384,315,1,671,433
1702h.jpg,6,-3,63,55,1,400,232
1702h.jpg,72,47,71,100,1,400,232
1702h.jpg,147,128,75,57,1,400,232
1702h.jpg,170,46,63,90,1,400,232
1702h.jpg,236,50,59,115,1,400,232
1702h.jpg,286,96,86,133,1,400,232
1703h.jpg,-29,23,276,132,1,296,222
1704h.jpg,162,185,973,551,1,1129,753
1705h.jpg,99,107,386,250,1,640,422
1706h.jpg,55,17,291,415,1,371,430
1707h.jpg,33,14,278,195,1,296,222
1708h.jpg,-47,11,265,278,1,195,300
1709h.jpg,61,57,464,638,1,540,720
170s.jpg,52,57,477,281,2,567,358
170sj.jpg,285,131,177,172,2,666,411
170sj.jpg,81,76,170,71,2,666,411
170sp.jpg,3,6,100,90,2,101,101
1710h.jpg,150,61,259,198,1,500,333
1711h.jpg,27,19,322,151,1,300,153
1712h.jpg,262,141,169,129,1,507,356
1713h.jpg,117,132,197,176,1,498,391
1714h.jpg,470,117,258,170,1,822,491
1715h.jpg,19,-1,336,204,1,380,193
1716h.jpg,143,41,41,38,1,300,200
1716h.jpg,136,85,51,37,1,300,200
1716h.jpg,164,121,32,45,1,300,200
1716h.jpg,210,24,56,42,1,300,200
1716h.jpg,209,67,27,53,1,300,200
1716h.jpg,249,89,38,58,1,300,200
1717h.jpg,303,71,870,722,1,1200,800
1718h.jpg,263,176,83,65,1,466,326
1719h.jpg,133,60,306,325,1,509,356
171s.jpg,115,71,515,658,2,669,794
171sj.jpg,38,30,167,179,2,242,247
171sp.jpg,0,5,40,41,2,46,46
1720h.jpg,306,122,876,667,1,1200,800
1721h.jpg,23,2,127,160,1,172,168
1722h.jpg,128,96,378,262,1,640,433
1723h.jpg,-21,23,280,191,1,296,222
1724h.jpg,145,93,317,207,1,501,350
1725h.jpg,56,-3,410,930,1,630,946
1726h.jpg,64,55,119,80,1,360,239
1726h.jpg,230,127,79,72,1,360,239
1727h.jpg,23,39,391,310,1,468,364
1728h.jpg,177,150,298,180,1,594,486
1729h.jpg,98,120,85,116,1,349,384
172s.jpg,304,441,93,139,2,634,728
172sj.jpg,16,42,212,176,2,224,224
172sp.jpg,0,8,130,125,2,132,132
1730h.jpg,111,26,678,1052,1,800,1200
1731h.jpg,157,149,62,54,1,296,222
1732h.jpg,11,45,165,124,1,177,203
1733h.jpg,14,9,73,116,1,393,152
1733h.jpg,138,13,117,116,1,393,152
1733h.jpg,294,-4,96,138,1,393,152
1734h.jpg,106,51,159,202,1,400,300
1735h.jpg,52,29,226,355,1,342,375
1736h.jpg,-6,46,279,195,1,320,320
1737h.jpg,17,73,220,162,1,242,270
1738h.jpg,15,16,221,181,1,221,214
1739h.jpg,21,9,200,237,1,198,201
173s.jpg,70,208,419,348,2,567,644
173sj.jpg,118,69,280,199,2,500,333
173sp.jpg,5,3,124,120,2,130,130
1740h.jpg,32,-6,65,68,1,102,139
1741h.jpg,203,86,624,832,1,1024,1136
1742h.jpg,52,22,183,158,1,300,200
1743h.jpg,-2,80,295,110,1,296,222
1744h.jpg,32,13,150,206,1,222,225
1745h.jpg,45,97,544,818,1,625,938
1746h.jpg,178,39,310,411,1,641,481
1747h.jpg,4,-16,158,168,1,177,132
1748h.jpg,178,270,2267,1000,1,2692,1394
1749h.jpg,15,-5,266,236,1,279,234
174sp.jpg,4,-4,89,97,2,103,103
1750h.jpg,47,49,182,199,1,235,234
1751h.jpg,38,-2,174,249,1,248,263
1752h.jpg,113,136,608,1010,1,800,1200
1753h.jpg,142,51,95,114,1,366,224
1754h.jpg,-25,32,358,188,1,296,222
1755h.jpg,120,107,590,806,1,658,987
1756h.jpg,100,233,442,654,1,631,947
1757h.jpg,61,-2,173,189,1,320,160
1758h.jpg,85,44,195,187,1,378,287
1759h.jpg,123,114,608,1000,1,800,1200
175s.jpg,88,22,870,780,2,960,821
175sj.jpg,414,202,214,166,2,800,533
175sp.jpg,0,11,125,108,2,122,122
1760h.jpg,10,24,272,192,1,296,222
1761h.jpg,186,82,83,115,1,450,276
1762h.jpg,260,93,512,970,1,1066,1183
1763h.jpg,53,160,588,992,1,800,1200
1764h.jpg,100,26,128,133,1,373,228
1765h.jpg,76,23,134,198,1,296,222
1766h.jpg,17,8,1175,779,1,1200,800
1767h.jpg,20,32,47,97,1,200,126
1767h.jpg,73,7,46,54,1,200,126
1767h.jpg,85,61,74,62,1,200,126
1768h.jpg,105,34,139,118,1,362,230
1769h.jpg,0,23,108,123,1,367,181
1769h.jpg,128,27,98,130,1,367,181
1769h.jpg,259,28,106,133,1,367,181
176s.jpg,54,37,136,131,2,268,229
176sj.jpg,125,79,153,160,2,450,320
176sp.jpg,0,-4,52,52,2,52,52
1770h.jpg,67,79,624,932,1,660,990
1771h.jpg,40,66,86,85,1,297,205
1771h.jpg,136,35,102,72,1,297,205
1772h.jpg,13,29,175,138,1,220,165
1773h.jpg,39,19,202,153,1,601,201
1773h.jpg,347,28,194,163,1,601,201
1774h.jpg,22,37,228,258,1,268,300
1775h.jpg,187,102,638,1034,1,1057,1173
1776h.jpg,131,142,598,706,1,732,960
1777h.jpg,0,-12,267,187,1,230,160
1778h.jpg,19,40,874,551,1,892,594
1779h.jpg,141,99,65,66,1,363,222
177s.jpg,166,304,116,86,2,728,634
177sj.jpg,32,0,189,219,2,224,224
177sp.jpg,3,6,106,98,2,109,109
1780h.jpg,-2,14,267,197,1,296,222
1781h.jpg,-2,-6,233,200,1,228,202
1782h.jpg,29,128,636,1000,1,800,1200
1783h.jpg,-3,0,1207,796,1,1200,800
1784h.jpg,70,51,545,306,1,610,379
1785h.jpg,-12,-3,349,235,1,328,199
1786h.jpg,-27,5,298,243,1,267,244
1787h.jpg,59,17,292,186,1,360,239
1788h.jpg,86,79,115,140,1,400,300
178s.jpg,164,26,1012,819,2,1268,996
178sj.jpg,236,107,78,99,2,800,600
178sj.jpg,333,122,39,120,2,800,600
178sj.jpg,470,91,106,127,2,800,600
178sj.jpg,685,26,119,92,2,800,600
178sj.jpg,422,242,102,53,2,800,600
178sp.jpg,10,11,172,218,2,235,235
1790h.jpg,122,96,262,293,1,597,447
1791h.jpg,12,9,159,85,1,191,109
1792h.jpg,82,16,516,860,1,618,929
1793h.jpg,217,40,426,1032,1,800,1200
1794h.jpg,40,-14,148,240,1,245,230
1795h.jpg,21,-19,253,273,1,296,222
1796h.jpg,9,-8,1219,816,1,1200,800
1797h.jpg,88,3,426,424,1,575,432
1798h.jpg,23,29,489,327,1,500,350
1799h.jpg,98,52,419,327,1,496,346
179s.jpg,136,73,387,447,2,685,620
179sj.jpg,572,390,68,80,2,800,600
179sp.jpg,17,-1,97,99,2,113,113
17s.jpg,82,48,360,432,2,484,508
17sj.jpg,200,180,352,244,2,800,516
17sp.jpg,9,15,100,78,2,114,114
1800h.jpg,51,15,372,190,1,480,240
1801h.jpg,71,69,139,119,1,288,226
1802h.jpg,65,59,238,122,1,300,200
1803h.jpg,129,32,290,523,1,500,588
1804h.jpg,14,18,265,138,1,275,216
1805h.jpg,37,50,233,112,1,296,222
1806h.jpg,23,141,62,31,1,384,180
1807h.jpg,11,14,1132,761,1,1200,800
1808h.jpg,26,14,169,173,1,185,188
1809h.jpg,42,13,209,177,1,295,221
180s.jpg,41,103,845,672,2,976,841
180sj.jpg,3,16,93,76,2,109,100
180sp.jpg,0,2,37,35,2,39,39
1811h.jpg,257,117,61,76,1,400,268
1812h.jpg,9,23,62,93,1,256,126
1812h.jpg,97,22,59,81,1,256,126
1812h.jpg,185,13,67,99,1,256,126
1813h.jpg,51,30,114,101,1,219,152
1814h.jpg,57,49,178,261,1,295,404
1815h.jpg,150,103,602,910,1,998,1099
1816h.jpg,101,118,546,972,1,800,1200
1817h.jpg,124,232,199,172,1,749,562
1817h.jpg,374,99,191,181,1,749,562
1818h.jpg,97,119,631,329,1,794,671
1819h.jpg,83,18,1186,928,1,1249,972
181s.jpg,46,13,614,779,2,697,829
181sj.jpg,120,88,162,132,2,400,300
181sp.jpg,0,6,91,94,2,101,101
1820h.jpg,-3,18,331,226,1,296,222
1821h.jpg,29,44,111,88,1,380,171
1821h.jpg,151,20,80,114,1,380,171
1821h.jpg,246,25,105,121,1,380,171
1822h.jpg,78,61,728,535,1,789,601
1823h.jpg,58,21,180,269,1,407,305
1823h.jpg,176,20,190,185,1,407,305
1825h.jpg,46,56,627,432,1,720,540
1826h.jpg,143,77,59,48,1,500,375
1826h.jpg,218,77,53,44,1,500,375
1826h.jpg,314,69,38,56,1,500,375
1826h.jpg,312,150,47,54,1,500,375
1826h.jpg,300,223,52,75,1,500,375
1826h.jpg,237,153,40,66,1,500,375
1826h.jpg,142,157,75,52,1,500,375
1826h.jpg,138,220,52,59,1,500,375
1826h.jpg,212,252,70,66,1,500,375
1827h.jpg,375,109,102,132,1,638,479
1828h.jpg,38,5,991,755,1,1200,800
182s.jpg,151,134,492,260,2,716,460
182sj.jpg,104,64,383,212,2,500,333
182sp.jpg,-3,-3,130,126,2,126,126
1830h.jpg,267,275,159,243,1,741,768
1831h.jpg,293,437,61,122,1,741,768
1832h.jpg,46,47,181,194,1,213,241
1833h.jpg,-7,-11,243,150,1,278,168
1834h.jpg,59,54,248,192,1,398,303
1835h.jpg,165,84,261,276,1,600,420
1838h.jpg,1,46,205,219,1,220,297
1839h.jpg,-7,-3,227,270,1,209,252
183s.jpg,688,334,1087,727,2,2048,1536
183sj.jpg,226,126,246,296,2,800,537
183sp.jpg,-12,-1,123,111,2,110,110
1840h.jpg,116,34,45,35,1,239,159
1840h.jpg,114,68,36,33,1,239,159
1840h.jpg,132,94,32,45,1,239,159
1840h.jpg,156,61,45,38,1,239,159
1840h.jpg,179,15,43,45,1,239,159
1840h.jpg,213,69,38,41,1,239,159
1841h.jpg,21,28,233,305,1,241,384
1842h.jpg,45,111,1173,670,1,1200,800
1843h.jpg,43,13,683,524,1,720,540
1844h.jpg,57,39,264,284,1,431,341
1845h.jpg,35,4,581,459,1,609,457
1846h.jpg,-2,16,188,153,1,172,168
1847h.jpg,40,16,350,207,1,401,293
1848h.jpg,101,49,295,481,1,500,558
1849h.jpg,-3,17,294,224,1,296,222
184s.jpg,103,166,232,102,2,522,440
184sj.jpg,8,28,213,174,2,224,224
184sp.jpg,5,3,49,57,2,58,58
1850h.jpg,161,30,195,179,1,390,280
1851h.jpg,0,96,1123,696,1,1200,800
1852h.jpg,102,48,440,420,1,487,439
1853h.jpg,61,-6,130,115,1,234,164
1854h.jpg,131,110,592,1016,1,800,1200
1855h.jpg,7,12,285,194,1,296,222
1856h.jpg,61,47,185,207,1,310,242
1857h.jpg,94,86,148,231,1,364,500
1858h.jpg,77,59,312,510,1,500,588
1859h.jpg,95,92,660,1048,1,800,1200
185s.jpg,192,92,394,406,2,739,613
185sp.jpg,-4,3,46,41,2,43,43
1860h.jpg,458,286,94,71,1,600,505
1861h.jpg,120,97,106,106,1,400,300
1862h.jpg,29,18,388,293,1,407,348
1863h.jpg,248,520,350,222,1,1200,929
1864h.jpg,-1,7,438,293,1,424,364
1865h.jpg,194,114,264,212,1,600,420
1866h.jpg,222,147,294,321,1,768,538
1867h.jpg,41,28,146,171,1,237,185
1868h.jpg,62,137,440,754,1,670,1006
1869h.jpg,94,117,564,443,1,960,701
186s.jpg,44,15,908,503,2,1084,579
186sj.jpg,292,193,72,72,2,800,534
186sp.jpg,-6,-4,57,60,2,58,58
1871h.jpg,301,-13,695,474,1,1109,739
1872h.jpg,55,82,675,364,1,720,540
1873h.jpg,130,70,75,79,1,250,167
1874h.jpg,5,-2,196,157,1,208,175
1876h.jpg,116,120,62,107,1,321,241
1876h.jpg,102,0,84,60,1,321,241
1877h.jpg,127,17,373,261,1,539,325
1878h.jpg,125,75,10,42,1,300,166
1879h.jpg,431,474,90,64,1,1080,810
187s.jpg,16,40,569,575,2,591,634
187sp.jpg,-1,0,81,79,2,83,83
1880h.jpg,11,2,247,312,1,286,343
1881h.jpg,33,19,121,134,1,256,177
1881h.jpg,166,21,65,97,1,256,177
1882h.jpg,4,-9,74,66,1,80,110
1883h.jpg,-8,14,306,179,1,296,222
1884h.jpg,250,136,81,75,1,638,479
1885h.jpg,19,13,124,145,1,172,168
1886h.jpg,80,35,126,95,1,298,218
1887h.jpg,-6,-11,1200,645,1,1200,800
1888h.jpg,139,83,100,74,1,335,194
1889h.jpg,0,18,1102,727,1,1200,800
188s.jpg,3,4,584,474,2,613,493
188sj.jpg,5,18,205,196,2,224,224
188sp.jpg,-1,3,23,21,2,27,27
1891h.jpg,80,32,299,348,1,571,428
1892h.jpg,54,51,131,167,1,232,247
1893h.jpg,139,62,329,252,1,609,460
1894h.jpg,5,22,256,204,1,296,222
1895h.jpg,4,27,247,278,1,248,320
1896h.jpg,35,26,366,153,1,412,367
1896h.jpg,14,205,420,154,1,412,367
1897h.jpg,203,123,1028,582,1,1200,800
1898h.jpg,51,106,686,1070,1,800,1200
1899h.jpg,40,85,48,33,1,258,172
1899h.jpg,158,47,39,19,1,258,172
189s.jpg,7,6,548,424,2,563,449
189sp.jpg,2,11,198,144,2,203,203
18s.jpg,-11,98,559,302,2,640,480
18sp.jpg,0,4,98,102,2,104,104
1900h.jpg,486,-27,111,129,1,1080,1440
1902h.jpg,79,1,107,138,1,255,140
1903h.jpg,112,71,133,130,1,371,260
1904h.jpg,0,27,286,184,1,296,222
1905h.jpg,-5,161,1068,607,1,1200,800
1906h.jpg,244,141,63,110,1,579,384
1907h.jpg,128,94,417,166,1,600,449
1908h.jpg,128,128,167,99,1,400,300
1909h.jpg,118,23,45,34,1,244,161
1909h.jpg,117,63,32,34,1,244,161
1909h.jpg,124,95,48,30,1,244,161
1909h.jpg,175,57,29,42,1,244,161
1909h.jpg,185,15,46,46,1,244,161
1909h.jpg,223,67,21,48,1,244,161
190s.jpg,47,12,431,663,2,485,686
190sj.jpg,58,57,106,92,2,315,207
190sp.jpg,17,4,56,65,2,74,74
1910h.jpg,34,30,217,182,1,296,222
1911h.jpg,46,96,58,35,1,220,170
1912h.jpg,38,25,436,820,1,575,930
1913h.jpg,115,99,124,140,1,400,300
1914h.jpg,8,36,235,135,1,283,192
1915h.jpg,79,46,296,263,1,424,320
1916h.jpg,38,25,395,247,1,480,312
1917h.jpg,175,458,178,244,1,768,1024
1918h.jpg,0,92,79,73,1,221,295
1918h.jpg,23,167,81,77,1,221,295
1918h.jpg,98,202,107,51,1,221,295
1918h.jpg,113,147,81,43,1,221,295
1918h.jpg,66,79,133,50,1,221,295
1918h.jpg,77,14,114,75,1,221,295
1919h.jpg,7,37,266,130,1,296,222
191s.jpg,90,51,610,452,2,736,530
191sp.jpg,0,19,120,75,2,118,118
1920h.jpg,151,24,708,1082,1,800,1200
1921h.jpg,318,647,180,156,1,1080,1439
1922h.jpg,66,45,367,187,1,450,294
1923h.jpg,109,31,258,160,1,306,165
1924h.jpg,92,38,161,158,1,371,260
1925h.jpg,91,63,55,46,1,341,190
1926h.jpg,25,74,217,118,1,264,247
1927h.jpg,120,72,261,186,1,485,339
1928h.jpg,184,105,300,245,1,600,420
1929h.jpg,25,26,504,867,1,599,897
192s.jpg,30,12,424,365,2,460,396
192sj.jpg,163,86,230,210,2,550,340
192sp.jpg,4,-2,121,132,2,127,127
1930h.jpg,32,12,154,127,1,298,219
1931h.jpg,11,56,1021,728,1,1200,800
1932h.jpg,-2,6,179,124,1,170,128
1933h.jpg,263,95,73,94,1,398,266
1934h.jpg,262,226,181,182,1,749,562
1935h.jpg,11,-31,270,290,1,296,222
1936h.jpg,135,19,172,117,1,390,280
1937h.jpg,28,-6,178,176,1,480,267
1938h.jpg,41,30,383,289,1,461,314
1939h.jpg,17,16,200,138,1,220,130
193s.jpg,78,64,236,190,2,457,397
193sj.jpg,230,88,412,221,2,800,405
193sp.jpg,-1,1,113,109,2,111,111
1940h.jpg,188,135,666,938,1,1023,1135
1941h.jpg,175,83,247,270,1,640,480
1942h.jpg,-13,-15,373,266,1,296,222
1943h.jpg,144,170,503,323,1,960,611
1944h.jpg,84,52,155,162,1,312,208
1945h.jpg,26,95,70,86,1,296,222
1945h.jpg,101,92,67,96,1,296,222
1945h.jpg,188,106,55,86,1,296,222
1945h.jpg,90,17,63,71,1,296,222
1946h.jpg,64,52,350,202,1,480,313
1947h.jpg,87,188,708,984,1,800,1200
1948h.jpg,185,84,67,59,1,550,305
1949h.jpg,10,47,230,136,1,296,222
194s.jpg,163,234,216,255,2,509,678
194sj.jpg,83,12,149,178,2,500,281
194sp.jpg,-3,5,95,88,2,95,95
1950h.jpg,7,41,289,138,1,296,222
1951h.jpg,82,60,123,125,1,319,239
1952h.jpg,164,93,1031,702,1,1200,800
1953h.jpg,-12,33,688,454,1,720,540
1954h.jpg,7,12,350,188,1,365,223
1955h.jpg,224,76,432,502,1,799,960
1956h.jpg,38,22,301,284,1,402,320
1957h.jpg,26,91,650,410,1,720,540
1958h.jpg,49,190,620,818,1,800,1200
1959h.jpg,7,8,786,862,1,800,1200
195s.jpg,32,19,459,501,2,493,545
195sj.jpg,54,80,372,180,2,500,317
195sp.jpg,3,15,92,67,2,94,94
1960h.jpg,83,25,148,95,1,300,210
1961h.jpg,150,335,290,320,1,1080,810
1962h.jpg,27,55,230,228,1,241,285
1963h.jpg,78,31,278,237,1,376,261
1964h.jpg,13,-10,60,71,1,87,116
1965h.jpg,106,49,356,279,1,498,348
1966h.jpg,22,7,194,150,1,225,149
1968h.jpg,178,31,356,438,1,800,600
1969h.jpg,-16,153,113,144,1,867,1346
1969h.jpg,602,354,201,123,1,867,1346
1969h.jpg,307,405,150,144,1,867,1346
1969h.jpg,391,483,187,177,1,867,1346
1969h.jpg,608,531,225,141,1,867,1346
1969h.jpg,52,480,171,138,1,867,1346
1969h.jpg,-10,354,128,144,1,867,1346
1969h.jpg,112,285,174,156,1,867,1346
1969h.jpg,169,180,207,141,1,867,1346
1969h.jpg,370,204,120,126,1,867,1346
1969h.jpg,448,255,190,234,1,867,1346
1969h.jpg,545,123,225,219,1,867,1346
1969h.jpg,229,12,168,198,1,867,1346
1969h.jpg,382,6,175,171,1,867,1346
1969h.jpg,647,6,180,150,1,867,1346
1969h.jpg,46,759,697,526,1,867,1346
196s.jpg,174,111,458,467,2,883,763
196sj.jpg,20,7,184,203,2,224,224
196sp.jpg,6,-4,126,132,2,132,132
1970h.jpg,71,35,111,66,1,405,328
1970h.jpg,43,117,130,76,1,405,328
1970h.jpg,85,205,119,92,1,405,328
1970h.jpg,194,108,90,88,1,405,328
1970h.jpg,323,129,87,115,1,405,328
1970h.jpg,222,12,122,92,1,405,328
1971h.jpg,147,55,349,444,1,720,540
1972h.jpg,133,60,187,171,1,474,360
1973h.jpg,24,54,258,157,1,321,217
1974h.jpg,39,77,598,940,1,672,1007
1975h.jpg,33,67,64,117,1,450,320
1975h.jpg,147,89,121,76,1,450,320
1975h.jpg,266,104,99,52,1,450,320
1975h.jpg,284,168,76,108,1,450,320
1975h.jpg,369,221,89,74,1,450,320
1975h.jpg,389,30,77,107,1,450,320
1975h.jpg,160,0,152,96,1,450,320
1977h.jpg,53,86,26,24,1,311,210
1977h.jpg,80,86,18,34,1,311,210
1977h.jpg,98,92,27,31,1,311,210
1978h.jpg,442,138,129,201,1,874,576
1979h.jpg,77,31,94,120,1,236,178
197s.jpg,34,34,644,667,2,688,732
197sj.jpg,168,159,261,176,2,600,466
197sp.jpg,6,1,87,100,2,95,95
1980h.jpg,75,150,1278,902,1,1600,1200
1981h.jpg,136,32,402,807,1,491,838
1982h.jpg,46,30,277,237,1,320,269
1985h.jpg,104,46,166,150,1,414,292
1986h.jpg,3,-4,262,326,1,280,320
1987h.jpg,58,74,449,349,1,600,450
1989h.jpg,1,29,133,155,1,330,221
1989h.jpg,249,41,12,13,1,330,221
1989h.jpg,224,58,28,21,1,330,221
1989h.jpg,257,63,18,17,1,330,221
198s.jpg,20,10,442,492,2,468,513
198sj.jpg,191,187,58,45,2,534,401
198sj.jpg,231,223,41,31,2,534,401
198sp.jpg,0,5,62,56,2,63,63
1990h.jpg,14,-6,228,150,1,239,154
1991h.jpg,53,23,107,142,1,226,184
1992h.jpg,96,199,69,64,1,300,400
1992h.jpg,137,178,64,62,1,300,400
1993h.jpg,42,-40,167,233,1,220,166
1995h.jpg,19,19,81,58,1,274,239
1995h.jpg,161,26,84,70,1,274,239
1995h.jpg,30,124,57,111,1,274,239
1995h.jpg,74,128,54,94,1,274,239
1995h.jpg,124,127,46,98,1,274,239
1995h.jpg,169,135,43,99,1,274,239
1995h.jpg,216,135,49,92,1,274,239
1997h.jpg,62,50,110,88,1,244,197
1998h.jpg,28,36,275,519,1,800,600
1998h.jpg,311,160,87,146,1,800,600
1998h.jpg,361,33,228,371,1,800,600
1998h.jpg,589,60,195,325,1,800,600
1999h.jpg,-20,27,395,146,1,350,200
199s.jpg,14,15,331,281,2,354,323
199sj.jpg,-2,14,227,210,2,224,224
199sp.jpg,1,3,122,120,2,122,122
19s.jpg,208,103,298,363,2,992,558
19sp.jpg,2,5,74,70,2,79,79
1s.jpg,76,78,76,41,2,200,200
2001h.jpg,39,215,242,202,1,296,500
2002h.jpg,15,25,301,175,1,359,227
2004h.jpg,186,146,386,224,1,712,501
2005h.jpg,27,73,472,251,1,500,376
2006h.jpg,374,328,2168,1580,1,3072,2048
2009h.jpg,305,231,313,289,1,900,680
200s.jpg,56,121,511,306,2,574,582
200sp.jpg,9,18,142,97,2,145,145
2011h.jpg,9,0,285,202,1,256,188
2012h.jpg,-4,261,231,165,1,598,578
2013h.jpg,95,54,124,106,1,279,176
2014h.jpg,40,33,280,205,1,300,231
2015h.jpg,27,46,408,223,1,471,284
2016h.jpg,47,24,161,174,1,295,221
2017h.jpg,43,33,210,145,1,330,198
2018h.jpg,56,43,138,119,1,283,230
2019h.jpg,45,35,120,130,1,247,200
201s.jpg,112,29,651,636,2,837,713
201sp.jpg,0,9,123,117,2,126,126
2020h.jpg,51,64,608,1100,1,800,1200
2021h.jpg,100,50,506,966,1,635,953
2024h.jpg,51,56,417,661,1,503,683
2025h.jpg,184,153,312,267,1,656,492
2027h.jpg,39,25,261,178,1,295,221
2028h.jpg,13,26,87,85,1,125,119
2029h.jpg,88,8,126,157,1,270,178
202s.jpg,67,23,372,396,2,450,443
202sj.jpg,80,79,53,64,2,208,219
202sp.jpg,1,2,105,104,2,104,104
2032h.jpg,8,12,76,117,1,257,142
2032h.jpg,132,10,112,130,1,257,142
2034h.jpg,24,54,401,651,1,448,722
2035h.jpg,94,92,108,155,1,283,371
2036h.jpg,127,166,177,143,1,688,426
2036h.jpg,433,21,213,355,1,688,426
2038h.jpg,43,0,120,60,1,199,189
2038h.jpg,12,81,85,71,1,199,189
2038h.jpg,95,78,97,72,1,199,189
2039h.jpg,1,24,235,162,1,253,190
203s.jpg,39,47,378,476,2,445,594
203sj.jpg,131,148,265,286,2,469,500
203sp.jpg,0,7,114,108,2,115,115
2040h.jpg,1434,796,224,280,1,3040,2016
2042h.jpg,-6,17,247,332,1,265,339
2043h.jpg,15,2,262,189,1,300,200
2044h.jpg,10,7,166,133,1,223,183
2045h.jpg,323,84,114,230,1,800,533
2045h.jpg,419,119,102,165,1,800,533
2045h.jpg,581,267,93,102,1,800,533
2045h.jpg,676,419,120,103,1,800,533
2045h.jpg,491,432,173,119,1,800,533
2045h.jpg,272,294,172,116,1,800,533
2045h.jpg,161,304,141,118,1,800,533
2045h.jpg,-12,263,182,192,1,800,533
2046h.jpg,49,18,658,557,1,800,600
2047h.jpg,38,17,296,272,1,360,236
2049h.jpg,125,69,247,335,1,488,458
204s.jpg,28,90,651,492,2,699,592
204sj.jpg,24,26,162,176,2,224,224
204sp.jpg,1,3,89,100,2,106,106
2050h.jpg,53,30,133,99,1,257,165
2051h.jpg,35,12,233,172,1,302,224
2052h.jpg,134,81,1061,715,1,1200,800
2054h.jpg,-1,59,713,475,1,720,540
2056h.jpg,64,34,160,88,1,300,173
2057h.jpg,81,50,466,259,1,550,341
205s.jpg,73,35,559,393,2,664,443
205sp.jpg,2,0,53,57,2,59,59
2060h.jpg,153,103,191,143,1,500,375
2061h.jpg,1,47,104,140,1,238,200
2061h.jpg,102,19,119,160,1,238,200
2062h.jpg,76,34,159,169,1,300,225
2063h.jpg,0,24,103,156,1,248,172
2063h.jpg,152,8,88,162,1,248,172
2066h.jpg,82,178,153,187,1,800,631
2066h.jpg,297,39,104,106,1,800,631
2066h.jpg,553,167,124,159,1,800,631
2066h.jpg,377,325,123,106,1,800,631
2066h.jpg,351,436,202,141,1,800,631
2067h.jpg,13,8,558,577,1,800,600
2068h.jpg,59,3,444,306,1,516,332
2069h.jpg,65,102,417,279,1,560,411
206s.jpg,72,142,80,90,2,328,397
206sj.jpg,89,59,130,118,2,350,251
206sp.jpg,2,6,71,72,2,81,81
2070h.jpg,27,16,217,144,1,246,183
2071h.jpg,27,-5,156,160,1,220,165
2073h.jpg,77,52,115,93,1,259,202
2074h.jpg,40,9,268,414,1,331,437
2076h.jpg,23,0,129,221,1,150,234
2077h.jpg,260,47,110,104,1,410,221
207s.jpg,100,67,204,148,2,335,290
207sj.jpg,118,124,294,296,2,500,500
207sp.jpg,0,9,106,107,2,107,107
2080h.jpg,222,93,191,230,1,600,400
2082h.jpg,71,3,164,195,1,295,220
2083h.jpg,42,20,230,175,1,300,194
2084h.jpg,36,38,105,143,1,623,227
2084h.jpg,199,52,190,106,1,623,227
2085h.jpg,31,3,147,130,1,213,172
2086h.jpg,35,11,128,220,1,567,226
2086h.jpg,259,48,109,34,1,567,226
2086h.jpg,430,23,129,79,1,567,226
2086h.jpg,298,157,70,63,1,567,226
2086h.jpg,455,145,84,65,1,567,226
2087h.jpg,153,105,124,94,1,459,425
2087h.jpg,200,325,81,58,1,459,425
2087h.jpg,76,240,42,35,1,459,425
2087h.jpg,331,222,14,32,1,459,425
2087h.jpg,350,207,16,36,1,459,425
2087h.jpg,356,247,7,26,1,459,425
2087h.jpg,355,281,11,20,1,459,425
2087h.jpg,375,221,10,23,1,459,425
2087h.jpg,385,224,11,31,1,459,425
2087h.jpg,385,260,9,24,1,459,425
2088h.jpg,21,8,174,284,1,207,300
2089h.jpg,368,223,538,384,1,1250,959
208s.jpg,77,81,312,345,2,433,462
208sj.jpg,0,-1,220,223,2,224,224
208sp.jpg,6,0,92,106,2,105,105
2090h.jpg,195,126,482,349,1,830,556
2091h.jpg,209,128,60,83,1,364,485
2093h.jpg,135,53,194,182,1,539,284
2095h.jpg,23,26,210,143,1,310,210
2098h.jpg,1,53,390,207,1,473,314
209s.jpg,15,355,1160,829,2,2000,1853
209sj.jpg,20,19,216,120,2,247,211
209sp.jpg,3,8,104,84,2,109,109
20s.jpg,219,146,103,64,2,570,321
20sp.jpg,1,6,98,100,2,105,105
2102h.jpg,58,147,36,39,1,221,295
2103h.jpg,8,19,313,239,1,353,264
2105h.jpg,145,88,42,62,1,239,318
2107h.jpg,0,65,572,442,1,720,540
2108h.jpg,131,102,332,404,1,561,489
210s.jpg,66,28,384,463,2,519,503
210sj.jpg,16,18,182,200,2,224,224
210sp.jpg,16,-2,110,111,2,127,127
2112h.jpg,94,110,320,278,1,500,423
2114h.jpg,23,57,634,944,1,660,991
2115h.jpg,375,202,170,238,1,977,606
211s.jpg,28,41,456,429,2,503,519
211sj.jpg,141,208,112,196,2,434,500
211sp.jpg,0,104,5,7,2,218,218
211sp.jpg,5,103,205,108,2,218,218
2120h.jpg,74,3,230,300,1,421,281
2121h.jpg,140,102,115,98,1,273,345
2121h.jpg,83,189,84,139,1,273,345
2123h.jpg,-21,23,384,208,1,363,218
2124h.jpg,41,-3,142,152,1,220,183
2125h.jpg,100,60,156,114,1,324,201
2126h.jpg,138,9,258,556,1,500,588
2127h.jpg,33,0,173,307,1,222,320
2128h.jpg,29,9,236,182,1,295,221
212s.jpg,64,0,512,575,2,607,587
212sj.jpg,179,22,138,114,2,337,153
212sp.jpg,2,4,71,67,2,74,74
2130h.jpg,186,123,293,226,1,665,475
2131h.jpg,43,23,244,226,1,355,275
2132h.jpg,1,16,122,157,1,119,171
2133h.jpg,1877,1080,413,515,1,4288,2848
2134h.jpg,25,5,376,246,1,480,291
2138h.jpg,295,258,536,416,1,1280,925
2139h.jpg,141,79,139,137,1,427,281
213s.jpg,7,27,587,558,2,587,607
213sj.jpg,45,114,389,350,2,560,560
213sp.jpg,3,4,101,100,2,109,109
2140h.jpg,272,577,2365,1336,1,4288,2848
2141h.jpg,4,15,49,80,1,140,100
2141h.jpg,81,6,51,79,1,140,100
2143h.jpg,1302,655,198,186,1,3369,2681
2143h.jpg,1523,991,144,173,1,3369,2681
2143h.jpg,2194,2074,132,234,1,3369,2681
2143h.jpg,2362,811,173,174,1,3369,2681
2143h.jpg,2110,589,126,210,1,3369,2681
2143h.jpg,931,1446,131,149,1,3369,2681
2143h.jpg,583,985,210,191,1,3369,2681
2143h.jpg,889,1871,84,155,1,3369,2681
2146h.jpg,195,130,525,262,1,800,500
2148h.jpg,139,58,146,132,1,374,248
214s.jpg,32,3,508,577,2,607,587
214sj.jpg,120,80,492,442,2,800,600
214sp.jpg,0,1,123,122,2,126,126
2150h.jpg,28,150,105,171,1,182,484
2151h.jpg,134,104,64,116,1,310,299
2152h.jpg,370,93,138,105,1,600,324
2154h.jpg,35,66,493,361,1,560,448
2156h.jpg,2812,408,1632,2240,1,6564,3314
2156h.jpg,5268,152,1240,2472,1,6564,3314
215s.jpg,46,-6,952,648,2,1023,664
215sj.jpg,29,91,364,316,2,490,490
215sp.jpg,3,0,21,23,2,27,27
2160h.jpg,18,60,64,59,1,350,263
2160h.jpg,174,65,70,88,1,350,263
2160h.jpg,161,160,43,60,1,350,263
2160h.jpg,116,126,53,73,1,350,263
2160h.jpg,78,129,52,94,1,350,263
2160h.jpg,23,100,56,112,1,350,263
2161h.jpg,112,67,51,59,1,322,203
2162h.jpg,105,36,570,1150,1,800,1200
2163h.jpg,30,63,504,288,1,560,464
2165h.jpg,27,19,116,180,1,300,208
2165h.jpg,167,65,117,97,1,300,208
2166h.jpg,14,2,98,92,1,125,109
2167h.jpg,75,87,314,188,1,500,333
216s.jpg,22,33,1162,584,2,1200,630
216sj.jpg,370,29,1976,3162,2,2433,3441
216sp.jpg,6,4,116,114,2,124,124
2170h.jpg,11,6,141,219,1,164,238
2171h.jpg,19,31,170,101,1,217,301
2174h.jpg,67,7,62,95,1,298,207
2174h.jpg,-2,93,66,32,1,298,207
2174h.jpg,28,134,48,67,1,298,207
2174h.jpg,225,80,69,63,1,298,207
2177h.jpg,66,62,135,82,1,300,209
2178h.jpg,55,45,89,143,1,393,420
2178h.jpg,161,255,63,138,1,393,420
2178h.jpg,280,76,93,83,1,393,420
2179h.jpg,104,131,21,26,1,640,309
2179h.jpg,134,141,13,21,1,640,309
2179h.jpg,168,139,24,19,1,640,309
217s.jpg,125,51,1117,1690,2,1330,1815
217sj.jpg,18,8,123,148,2,162,165
217sp.jpg,13,5,80,100,2,98,98
2180h.jpg,13,207,153,77,1,361,489
2180h.jpg,125,326,61,147,1,361,489
2180h.jpg,222,28,81,193,1,361,489
2181h.jpg,126,106,100,155,1,356,328
2182h.jpg,142,80,239,117,1,512,300
2183h.jpg,75,92,382,211,1,500,377
2184h.jpg,146,214,52,80,1,610,500
2184h.jpg,229,190,55,95,1,610,500
2186h.jpg,302,114,110,87,1,800,533
2186h.jpg,466,89,58,101,1,800,533
2186h.jpg,397,206,115,66,1,800,533
2186h.jpg,365,353,181,68,1,800,533
2186h.jpg,444,285,98,79,1,800,533
2186h.jpg,212,365,89,92,1,800,533
2186h.jpg,44,203,125,130,1,800,533
2186h.jpg,-5,100,51,101,1,800,533
2186h.jpg,11,337,124,78,1,800,533
2186h.jpg,139,371,65,86,1,800,533
2187h.jpg,110,138,59,42,1,353,290
218s.jpg,13,7,416,630,2,433,650
218sj.jpg,28,5,102,56,2,132,101
218sp.jpg,5,4,16,19,2,18,18
2190h.jpg,61,55,58,171,1,442,273
2190h.jpg,160,92,70,137,1,442,273
2190h.jpg,249,121,79,123,1,442,273
2190h.jpg,358,71,81,159,1,442,273
2192h.jpg,103,110,278,135,1,448,336
2193h.jpg,124,116,617,393,1,850,673
2195h.jpg,165,84,426,391,1,720,540
2197h.jpg,19,9,111,208,1,155,241
2198h.jpg,132,69,338,786,1,631,947
2199h.jpg,112,345,64,112,1,728,546
2199h.jpg,561,187,66,52,1,728,546
2199h.jpg,472,252,55,47,1,728,546
2199h.jpg,535,125,52,34,1,728,546
219s.jpg,52,23,394,424,2,491,474
219sj.jpg,286,154,322,277,2,800,600
219sp.jpg,6,3,65,71,2,81,81
21s.jpg,10,13,591,364,2,609,431
21sj.jpg,8,14,201,189,2,224,224
21sp.jpg,8,8,103,92,2,109,109
2200h.jpg,185,90,116,86,1,506,296
2202h.jpg,133,55,38,70,1,291,204
2203h.jpg,160,170,383,262,1,800,534
2204h.jpg,83,51,68,52,1,323,224
2205h.jpg,202,105,320,740,1,611,934
2208h.jpg,1926,404,820,688,1,3120,2400
2208h.jpg,302,1456,912,804,1,3120,2400
2209h.jpg,15,3,100,107,1,145,123
220s.jpg,233,212,450,255,2,885,770
220sj.jpg,8,18,208,180,2,224,224
220sp.jpg,0,1,74,40,2,71,71
2210h.jpg,116,126,325,179,1,600,450
2211h.jpg,99,184,22,29,1,221,294
2212h.jpg,155,91,32,45,1,450,298
2212h.jpg,137,181,45,42,1,450,298
2213h.jpg,153,200,70,99,1,375,500
2214h.jpg,133,119,344,212,1,640,480
2215h.jpg,157,166,440,860,1,800,1200
2216h.jpg,192,138,110,64,1,480,360
2217h.jpg,183,132,85,46,1,455,421
2217h.jpg,205,338,59,37,1,455,421
2217h.jpg,71,240,21,22,1,455,421
2217h.jpg,351,212,10,18,1,455,421
2217h.jpg,370,224,14,20,1,455,421
2217h.jpg,387,225,10,23,1,455,421
2217h.jpg,385,255,11,27,1,455,421
2217h.jpg,328,222,13,27,1,455,421
2217h.jpg,354,251,9,25,1,455,421
2219h.jpg,133,121,290,132,1,550,371
221s.jpg,77,52,238,376,2,418,557
221sj.jpg,10,4,203,210,2,224,224
221sp.jpg,8,2,92,100,2,103,103
2221h.jpg,123,87,45,39,1,221,294
2223h.jpg,161,95,21,21,1,300,199
2225h.jpg,135,29,146,417,1,393,462
2226h.jpg,119,94,77,51,1,322,202
2227h.jpg,332,155,134,297,1,800,680
2228h.jpg,144,243,231,111,1,500,500
2229h.jpg,158,147,273,176,1,586,380
222sj.jpg,44,2,170,208,2,224,224
222sp.jpg,3,72,146,82,2,149,149
2230h.jpg,165,262,44,38,1,540,358
2232h.jpg,37,4,32,49,1,383,181
2232h.jpg,86,1,43,58,1,383,181
2232h.jpg,168,58,25,42,1,383,181
2232h.jpg,204,84,25,31,1,383,181
2232h.jpg,185,124,32,31,1,383,181
2232h.jpg,316,121,31,48,1,383,181
2232h.jpg,256,-3,26,40,1,383,181
2233h.jpg,60,73,14,13,1,369,177
2233h.jpg,74,85,9,10,1,369,177
2233h.jpg,96,82,11,14,1,369,177
2234h.jpg,49,25,41,87,1,318,210
2234h.jpg,193,32,79,51,1,318,210
2234h.jpg,167,128,78,59,1,318,210
2236h.jpg,38,70,49,39,1,220,165
2236h.jpg,147,43,43,81,1,220,165
2238h.jpg,314,103,21,19,1,422,264
2238h.jpg,338,109,10,14,1,422,264
2238h.jpg,366,114,7,12,1,422,264
223s.jpg,28,5,663,292,2,740,295
223sp.jpg,5,4,38,32,2,45,45
2240h.jpg,101,168,93,144,1,300,474
2241h.jpg,3176,524,976,1928,1,6872,3469
2241h.jpg,5832,188,800,2392,1,6872,3469
2242h.jpg,87,56,92,107,1,295,240
2243h.jpg,3808,600,1000,2336,1,8081,4079
2243h.jpg,6644,492,816,2432,1,8081,4079
2244h.jpg,352,93,70,98,1,550,341
2245h.jpg,160,83,68,100,1,295,221
2246h.jpg,29,9,136,110,1,182,138
2247h.jpg,314,230,53,60,1,690,518
2248h.jpg,36,52,232,76,1,313,208
224s.jpg,15,86,726,731,2,761,908
224sj.jpg,499,72,132,204,2,886,597
224sj.jpg,325,69,82,43,2,886,597
224sj.jpg,39,156,85,48,2,886,597
224sp.jpg,0,9,127,77,2,133,133
2251h.jpg,74,100,194,386,1,354,590
2253h.jpg,112,65,164,158,1,442,288
2253h.jpg,201,42,39,43,1,442,288
2253h.jpg,254,35,34,60,1,442,288
2254h.jpg,72,31,71,105,1,232,190
2257h.jpg,54,23,128,148,1,200,200
2259h.jpg,36,35,35,190,1,162,240
225s.jpg,5,4,756,270,2,769,300
225sp.jpg,2,1,92,79,2,92,92
2260h.jpg,129,45,115,142,1,355,233
2262h.jpg,235,39,25,34,1,640,480
2262h.jpg,288,94,12,19,1,640,480
2262h.jpg,332,279,14,22,1,640,480
2264h.jpg,71,11,180,118,1,289,160
2265h.jpg,48,53,97,57,1,190,169
2267h.jpg,61,119,405,88,1,485,320
2268h.jpg,135,132,16,20,1,355,240
2269h.jpg,331,206,340,316,1,1024,683
226s.jpg,14,4,357,381,2,379,388
226sj.jpg,363,241,355,310,2,1166,815
226sp.jpg,4,-1,93,100,2,103,103
2270h.jpg,103,146,462,208,1,665,925
2270h.jpg,117,704,20,20,1,665,925
2270h.jpg,141,708,20,30,1,665,925
2270h.jpg,169,708,26,34,1,665,925
2273h.jpg,58,34,123,61,1,284,178
2274h.jpg,9,45,92,152,1,300,208
2274h.jpg,202,24,84,143,1,300,208
2276h.jpg,18,7,60,92,1,108,122
2277h.jpg,42,153,81,112,1,184,491
227s.jpg,592,226,816,744,2,1694,1133
227sj.jpg,56,44,208,163,2,288,227
227sp.jpg,4,23,88,70,2,95,95
2280h.jpg,24,11,61,106,1,125,125
2281h.jpg,132,144,419,204,1,640,480
2282h.jpg,20,53,72,136,1,298,205
2282h.jpg,186,26,96,155,1,298,205
2284h.jpg,65,107,331,127,1,500,338
2285h.jpg,28,37,182,93,1,240,152
228s.jpg,32,63,558,901,2,609,1006
228sj.jpg,351,166,494,347,2,1280,720
228sp.jpg,7,-7,116,137,2,125,125
2290h.jpg,160,123,133,81,1,476,339
2291h.jpg,289,139,37,70,1,588,480
2291h.jpg,334,140,34,93,1,588,480
2291h.jpg,329,265,34,90,1,588,480
2291h.jpg,416,328,40,109,1,588,480
2291h.jpg,510,97,41,92,1,588,480
2291h.jpg,335,21,33,72,1,588,480
2291h.jpg,207,106,46,90,1,588,480
2291h.jpg,222,246,25,78,1,588,480
2291h.jpg,129,126,40,84,1,588,480
2291h.jpg,79,130,52,104,1,588,480
2293h.jpg,277,202,314,802,1,800,1200
2294h.jpg,215,251,33,40,1,400,533
2295h.jpg,70,96,387,255,1,500,420
2296h.jpg,92,134,181,101,1,410,348
2297h.jpg,146,105,21,23,1,284,229
2298h.jpg,59,44,343,239,1,464,369
229s.jpg,29,0,324,352,2,362,401
229sp.jpg,0,2,128,121,2,127,127
22s.jpg,76,11,636,486,2,736,562
22sj.jpg,360,306,72,36,2,800,600
22sp.jpg,0,1,88,72,2,87,87
2300h.jpg,-3,45,139,45,1,140,87
2301h.jpg,47,52,93,58,1,199,167
2302h.jpg,89,167,302,134,1,810,450
2304h.jpg,122,63,46,47,1,303,193
2305h.jpg,447,61,207,83,1,691,518
2305h.jpg,40,299,237,133,1,691,518
2305h.jpg,555,407,33,40,1,691,518
2305h.jpg,532,330,15,27,1,691,518
2305h.jpg,457,445,25,21,1,691,518
2307h.jpg,73,92,120,59,1,278,235
2308h.jpg,77,98,376,217,1,562,782
2308h.jpg,86,609,16,19,1,562,782
2308h.jpg,105,621,14,16,1,562,782
2308h.jpg,141,618,23,16,1,562,782
2309h.jpg,296,94,68,45,1,660,282
230s.jpg,6,14,449,398,2,459,433
230sj.jpg,217,19,253,231,2,481,321
230sp.jpg,3,2,122,119,2,126,126
2310h.jpg,20,37,41,88,1,178,149
2310h.jpg,112,41,42,93,1,178,149
2311h.jpg,69,56,66,149,1,317,260
2311h.jpg,226,96,62,87,1,317,260
2312h.jpg,99,71,292,120,1,494,318
2313h.jpg,168,114,76,51,1,400,300
2313h.jpg,87,110,39,18,1,400,300
2313h.jpg,266,82,38,25,1,400,300
2313h.jpg,296,155,19,21,1,400,300
2313h.jpg,228,203,28,22,1,400,300
231s.jpg,63,34,310,260,2,414,340
231sj.jpg,44,25,150,100,2,267,159
231sp.jpg,-2,6,128,120,2,129,129
232s.jpg,15,11,374,208,2,417,226
232sj.jpg,129,107,159,131,2,400,320
232sp.jpg,1,-2,74,74,2,77,77
233s.jpg,21,53,185,88,2,258,207
233sj.jpg,16,2,201,220,2,224,224
233sp.jpg,-2,0,115,114,2,113,113
234s.jpg,9,19,368,322,2,386,359
234sj.jpg,6,6,214,212,2,224,224
234sp.jpg,9,30,104,100,2,137,137
235s.jpg,72,123,556,308,2,687,522
235sp.jpg,2,8,90,96,2,100,100
236s.jpg,13,21,671,667,2,699,706
236sp.jpg,2,3,117,101,2,121,121
237s.jpg,67,49,328,308,2,423,392
237sp.jpg,1,2,88,80,2,89,89
238s.jpg,34,18,509,706,2,600,736
238sj.jpg,184,165,480,336,2,800,622
238sp.jpg,-9,20,138,102,2,129,129
239s.jpg,61,28,358,496,2,445,532
239sj.jpg,62,55,308,224,2,500,371
239sp.jpg,0,7,131,118,2,134,134
23s.jpg,618,380,218,161,2,1280,720
23sj.jpg,225,207,130,103,2,799,800
23sp.jpg,2,4,45,43,2,50,50
240s.jpg,29,30,391,470,2,439,521
240sj.jpg,20,29,472,321,2,500,365
240sp.jpg,9,5,73,78,2,87,87
241s.jpg,187,193,228,214,2,629,631
241sj.jpg,116,51,470,399,2,800,552
241sp.jpg,-1,3,86,64,2,89,89
242s.jpg,-1,62,435,420,2,492,532
242sj.jpg,142,104,151,156,2,550,341
242sp.jpg,-7,0,42,44,2,45,45
243s.jpg,29,2,370,398,2,445,436
243sp.jpg,4,9,61,45,2,63,63
244s.jpg,32,12,428,388,2,472,420
244sj.jpg,16,14,189,202,2,224,224
244sp.jpg,-2,-1,119,108,2,113,113
245s.jpg,51,33,315,501,2,363,550
245sj.jpg,18,8,280,196,2,300,213
245sp.jpg,14,15,103,89,2,122,122
246s.jpg,43,141,384,322,2,461,502
246sj.jpg,28,11,174,195,2,224,224
246sp.jpg,3,12,76,76,2,84,84
247s.jpg,9,9,373,672,2,390,706
247sp.jpg,0,3,65,60,2,66,66
248s.jpg,172,137,212,180,2,559,454
248sj.jpg,81,95,56,66,2,288,227
248sj.jpg,140,99,89,76,2,288,227
248sp.jpg,4,5,63,68,2,70,70
249s.jpg,226,219,232,103,2,620,464
249sp.jpg,-1,-8,90,91,2,89,89
24s.jpg,10,47,1073,676,2,1095,730
24sj.jpg,1,11,211,199,2,224,224
24sp.jpg,1,3,41,37,2,48,48
250s.jpg,0,15,654,1056,2,730,1095
250sp.jpg,7,-3,95,85,2,97,97
251s.jpg,27,-6,317,500,2,365,509
251sj.jpg,258,116,65,41,2,500,333
251sp.jpg,8,1,61,56,2,71,71
252s.jpg,55,12,360,258,2,421,337
252sj.jpg,127,112,477,471,2,800,640
252sp.jpg,4,2,92,88,2,96,96
253s.jpg,135,149,165,154,2,483,471
253sj.jpg,61,57,146,127,2,245,245
253sp.jpg,1,1,113,100,2,119,119
254s.jpg,39,20,244,256,2,340,365
254sj.jpg,48,12,192,132,2,295,221
254sp.jpg,6,3,90,94,2,99,99
255s.jpg,82,77,781,399,2,892,490
255sj.jpg,20,2,200,213,2,224,224
255sp.jpg,6,16,209,128,2,220,156
256s.jpg,106,135,139,148,2,416,490
256sp.jpg,16,1,67,84,2,86,86
257s.jpg,29,3,492,380,2,538,414
257sj.jpg,82,43,70,88,2,239,206
257sp.jpg,21,11,168,152,2,186,186
258s.jpg,50,5,396,665,2,456,718
258sj.jpg,16,10,192,196,2,224,224
258sp.jpg,4,18,221,200,2,216,216
259s.jpg,159,144,405,251,2,708,403
259sj.jpg,16,14,201,194,2,224,224
259sp.jpg,-1,0,49,54,2,56,56
25s.jpg,27,8,243,400,2,290,404
25sj.jpg,66,50,207,96,2,313,208
25sp.jpg,8,2,68,64,2,69,69
260s.jpg,4,17,752,387,2,760,460
260sp.jpg,16,66,357,301,2,376,376
261s.jpg,19,81,514,289,2,609,462
261sj.jpg,200,131,110,88,2,500,355
261sp.jpg,4,-2,131,149,2,151,151
262s.jpg,64,30,201,377,2,407,456
262sp.jpg,15,42,222,220,2,281,281
263s.jpg,12,85,440,348,2,463,455
263sp.jpg,17,7,196,225,2,242,242
264s.jpg,170,362,220,161,2,388,640
264sj.jpg,22,7,219,196,2,249,211
264sp.jpg,14,62,242,147,2,255,255
265s.jpg,31,84,203,202,2,273,377
265sj.jpg,149,46,120,135,2,498,311
265sp.jpg,-3,2,59,41,2,56,56
266s.jpg,94,128,185,113,2,356,432
266sj.jpg,8,11,208,207,2,224,224
266sp.jpg,1,4,248,202,2,257,257
267s.jpg,16,1,306,255,2,363,341
267sj.jpg,29,4,321,260,2,434,269
267sp.jpg,5,4,140,129,2,152,152
268s.jpg,89,66,247,270,2,363,341
268sj.jpg,52,56,1173,846,2,1280,961
268sp.jpg,1,2,157,105,2,161,161
269s.jpg,31,151,277,394,2,350,590
269sj.jpg,32,99,520,261,2,568,410
269sp.jpg,7,9,78,63,2,82,82
26s.jpg,154,13,339,234,2,608,342
26sp.jpg,4,26,112,80,2,111,111
270s.jpg,122,156,172,106,2,561,420
270sj.jpg,24,40,290,266,2,500,333
270sp.jpg,3,4,96,76,2,101,101
271s.jpg,302,160,103,45,2,634,477
271sj.jpg,20,14,173,193,2,224,224
271sp.jpg,12,66,160,57,2,166,166
272s.jpg,104,57,255,240,2,459,346
272sj.jpg,416,269,154,143,2,800,500
272sp.jpg,-1,70,203,90,2,196,196
273s.jpg,26,24,465,918,2,490,980
273sp.jpg,2,78,199,84,2,200,200
274s.jpg,137,84,203,139,2,439,379
274sj.jpg,164,66,230,260,2,500,333
274sp.jpg,0,7,146,185,2,203,203
275s.jpg,34,77,286,252,2,392,399
275sj.jpg,140,58,585,256,2,750,350
275sp.jpg,-2,9,151,91,2,154,154
276s.jpg,58,47,550,703,2,635,785
276sj.jpg,20,191,232,123,2,480,345
276sp.jpg,5,78,254,110,2,261,261
277sj.jpg,8,18,193,190,2,224,224
277sp.jpg,9,4,132,114,2,153,153
278s.jpg,69,52,344,465,2,447,517
278sp.jpg,10,8,118,161,2,172,172
279s.jpg,13,69,456,317,2,517,447
279sj.jpg,154,159,299,136,2,698,490
279sp.jpg,0,-2,51,51,2,53,53
27s.jpg,308,122,88,68,2,640,360
27sj.jpg,220,68,314,419,2,800,563
27sp.jpg,7,2,108,104,2,110,110
280s.jpg,102,155,195,206,2,465,458
280sp.jpg,11,4,71,80,2,91,91
281s.jpg,107,95,304,255,2,415,472
281sj.jpg,325,280,169,157,2,800,717
281sp.jpg,7,0,56,76,2,85,85
282s.jpg,400,102,305,261,2,992,745
282sj.jpg,102,59,113,92,2,267,210
282sp.jpg,3,3,126,99,2,142,142
283s.jpg,76,7,291,224,2,429,327
283sj.jpg,-7,22,227,184,2,224,224
283sp.jpg,15,14,218,156,2,241,241
284s.jpg,200,104,98,127,2,531,386
284sj.jpg,208,232,228,230,2,800,640
284sp.jpg,4,6,56,57,2,72,72
285s.jpg,93,87,442,454,2,581,565
285sp.jpg,19,4,155,272,2,284,284
286s.jpg,31,93,420,445,2,565,581
286sp.jpg,17,152,378,248,2,397,397
287s.jpg,72,28,437,416,2,581,565
287sj.jpg,135,42,281,236,2,573,489
287sp.jpg,14,17,294,271,2,324,324
288s.jpg,29,41,246,476,2,294,522
288sj.jpg,8,10,212,188,2,224,224
288sp.jpg,5,20,357,287,2,384,384
289s.jpg,106,216,96,80,2,403,340
289sp.jpg,9,10,389,360,2,401,401
28s.jpg,70,66,127,138,2,290,301
28sj.jpg,84,72,350,341,2,500,500
28sp.jpg,3,4,43,40,2,52,52
290s.jpg,-2,274,455,858,2,840,1260
290sj.jpg,93,2,353,266,2,480,288
290sp.jpg,12,10,116,96,2,136,136
291s.jpg,102,87,50,69,2,259,194
291sj.jpg,155,267,115,75,2,530,800
291sp.jpg,2,4,58,44,2,60,60
292s.jpg,366,88,212,156,2,620,348
292sj.jpg,485,192,123,104,2,800,500
292sp.jpg,0,5,75,64,2,70,70
293s.jpg,190,396,107,71,2,634,845
293sp.jpg,0,0,90,80,2,92,92
294s.jpg,277,157,130,55,2,634,477
294sp.jpg,2,-4,112,68,2,115,115
295s.jpg,63,52,448,327,2,534,402
295sj.jpg,12,22,204,198,2,224,224
295sp.jpg,-3,-1,121,57,2,120,120
296s.jpg,67,49,248,438,2,390,498
296sj.jpg,264,58,88,104,2,500,281
296sp.jpg,1,1,91,60,2,94,94
297s.jpg,23,18,663,528,2,692,560
297sp.jpg,9,15,396,400,2,402,402
298s.jpg,2,42,255,128,2,823,616
298sj.jpg,236,219,64,51,2,543,416
298sj.jpg,269,262,63,48,2,543,416
298sp.jpg,-1,12,128,66,2,124,124
299s.jpg,88,83,342,262,2,615,410
299sj.jpg,26,6,180,204,2,224,224
299sp.jpg,3,3,88,65,2,90,90
29s.jpg,43,6,198,180,2,290,216
29sj.jpg,19,43,577,433,2,629,488
29sp.jpg,33,-1,64,103,2,97,97
2s.jpg,56,18,236,244,2,300,400
2sj.jpg,273,97,389,312,2,800,534
2sp.jpg,0,3,140,114,2,134,134
300s.jpg,193,205,427,288,2,865,735
300sj.jpg,327,215,127,103,2,500,367
300sp.jpg,3,3,87,68,2,91,91
301s.jpg,37,37,584,524,2,634,591
301sj.jpg,127,123,123,113,2,409,307
301sp.jpg,3,4,72,65,2,77,77
302s.jpg,195,198,284,137,2,699,446
302sp.jpg,3,6,64,57,2,70,70
303s.jpg,108,87,410,543,2,640,665
303sp.jpg,0,0,94,88,2,99,99
304s.jpg,37,39,656,458,2,736,530
304sj.jpg,400,201,238,140,2,800,534
304sp.jpg,7,1,72,77,2,85,85
305s.jpg,6,6,451,416,2,465,488
305sj.jpg,42,-2,178,215,2,228,212
305sp.jpg,5,13,83,84,2,102,102
306s.jpg,2,6,456,416,2,465,488
306sj.jpg,103,81,54,68,2,250,318
306sj.jpg,81,166,69,83,2,250,318
306sp.jpg,0,8,104,75,2,107,107
307s.jpg,72,23,456,466,2,600,510
307sj.jpg,5,8,179,218,2,224,224
307sp.jpg,14,10,133,128,2,153,153
308s.jpg,136,58,218,221,2,468,377
308sj.jpg,48,20,210,165,2,332,196
308sp.jpg,13,11,390,396,2,406,406
309s.jpg,150,260,132,126,2,492,524
309sj.jpg,328,217,128,70,2,800,535
309sp.jpg,6,-3,125,135,2,132,132
30s.jpg,5,298,440,820,2,840,1260
30sj.jpg,36,38,729,561,2,800,656
30sp.jpg,4,7,108,113,2,115,115
310s.jpg,120,68,492,528,2,623,621
310sj.jpg,12,6,208,204,2,224,224
310sp.jpg,-1,12,64,55,2,73,73
311s.jpg,119,168,151,148,2,634,469
311sp.jpg,3,9,82,58,2,90,90
312s.jpg,200,240,288,287,2,992,744
312sj.jpg,105,121,75,92,2,400,300
312sp.jpg,7,0,99,115,2,107,107
313s.jpg,64,43,629,697,2,736,763
313sp.jpg,1,10,125,108,2,129,129
314s.jpg,61,111,475,487,2,640,640
314sp.jpg,11,0,96,108,2,109,109
315s.jpg,196,103,244,280,2,600,451
315sp.jpg,5,14,108,110,2,121,121
316s.jpg,20,20,448,370,2,480,400
316sp.jpg,1,10,109,80,2,113,113
317s.jpg,76,60,297,270,2,400,401
317sp.jpg,2,7,72,74,2,83,83
318s.jpg,127,58,332,369,2,582,574
318sj.jpg,164,106,379,188,2,566,341
318sp.jpg,-3,13,130,103,2,133,133
319s.jpg,28,30,365,491,2,416,526
319sj.jpg,1,2,219,214,2,224,224
319sp.jpg,2,6,395,392,2,401,401
31s.jpg,29,0,256,212,2,290,217
31sj.jpg,280,140,645,408,2,1280,720
31sp.jpg,0,9,79,81,2,85,85
320s.jpg,344,170,368,368,2,1024,763
320sp.jpg,3,5,84,76,2,86,86
321s.jpg,137,335,396,320,2,763,1024
321sj.jpg,0,-2,216,221,2,224,224
321sp.jpg,2,4,84,80,2,84,84
322s.jpg,22,24,638,484,2,699,564
322sp.jpg,1,4,31,36,2,40,40
323s.jpg,15,12,508,382,2,526,416
323sj.jpg,271,110,345,233,2,806,537
323sp.jpg,0,4,123,116,2,125,125
324s.jpg,86,57,692,691,2,1200,800
324sj.jpg,84,62,646,493,2,800,601
324sp.jpg,-2,-8,47,63,2,58,58
325s.jpg,58,29,328,362,2,443,450
325sp.jpg,6,3,70,79,2,88,88
326s.jpg,83,32,456,386,2,594,445
326sj.jpg,16,36,92,130,2,295,221
326sj.jpg,144,40,60,132,2,295,221
326sp.jpg,18,-1,108,133,2,129,129
327sp.jpg,3,2,120,118,2,125,125
328s.jpg,53,187,432,531,2,634,861
328sj.jpg,10,18,212,208,2,224,224
328sp.jpg,5,-2,46,49,2,54,54
329s.jpg,49,49,150,172,2,290,335
329sj.jpg,186,287,270,160,2,800,555
329sp.jpg,3,3,58,70,2,70,70
32s.jpg,256,712,100,108,2,844,999
32sj.jpg,14,7,184,212,2,224,224
32sp.jpg,8,6,68,76,2,88,88
330s.jpg,75,38,372,372,2,462,433
330sp.jpg,4,9,140,124,2,151,151
331s.jpg,290,67,163,143,2,600,400
331sj.jpg,-3,14,223,204,2,224,224
332s.jpg,847,638,1138,883,2,2000,1853
332sj.jpg,1,2,215,216,2,224,224
333s.jpg,21,19,316,272,2,353,322
333sj.jpg,29,24,191,198,2,224,224
334s.jpg,279,61,269,288,2,621,415
334sj.jpg,283,76,117,199,2,454,298
335s.jpg,123,17,304,318,2,590,350
336s.jpg,52,18,958,616,2,1023,664
337s.jpg,25,39,435,270,2,488,346
338s.jpg,56,171,1763,1384,2,1899,1628
339s.jpg,1,3,648,399,2,650,433
339sj.jpg,214,117,84,77,2,500,375
33s.jpg,198,43,196,226,2,620,350
33sp.jpg,-2,2,151,88,2,153,153
340s.jpg,9,17,568,404,2,594,439
340sj.jpg,95,70,112,81,2,325,201
341s.jpg,176,57,246,206,2,620,350
341sj.jpg,214,241,76,82,2,500,378
342s.jpg,1780,1410,335,401,2,4032,3024
344s.jpg,338,110,86,102,2,792,360
344sj.jpg,16,8,208,206,2,224,224
345sj.jpg,9,20,207,192,2,224,224
346s.jpg,41,3,430,200,2,590,195
347s.jpg,92,2,703,755,2,908,761
348s.jpg,226,66,334,676,2,912,1000
349s.jpg,17,8,1968,956,2,2000,1000
349sj.jpg,65,44,103,72,2,295,221
34s.jpg,156,26,392,309,2,600,400
34sp.jpg,0,-6,100,105,2,102,102
350s.jpg,81,35,195,186,2,406,250
351s.jpg,27,148,682,474,2,750,645
351sj.jpg,256,74,1280,1120,2,1743,1308
352s.jpg,37,65,218,304,2,290,398
352sj.jpg,205,196,185,105,2,800,533
353s.jpg,35,18,288,320,2,334,400
353sj.jpg,250,392,74,68,2,598,800
354s.jpg,0,16,280,733,2,300,769
355s.jpg,154,85,351,453,2,716,691
355sj.jpg,10,1,206,221,2,224,224
356s.jpg,10,1,390,435,2,435,470
357s.jpg,91,117,1015,635,2,1170,820
357sj.jpg,12,8,208,203,2,224,224
358s.jpg,82,43,634,576,2,820,658
359s.jpg,79,74,466,237,2,638,352
35s.jpg,51,75,346,176,2,409,274
35sj.jpg,47,17,196,161,2,342,190
35sp.jpg,8,-2,35,55,2,54,54
360s.jpg,32,38,304,356,2,484,512
361s.jpg,116,11,405,474,2,624,502
361sj.jpg,87,138,257,202,2,539,356
362s.jpg,58,53,250,281,2,340,414
363s.jpg,116,61,242,137,2,480,270
365s.jpg,38,32,256,302,2,371,400
366s.jpg,102,47,72,96,2,259,194
366sj.jpg,33,38,657,451,2,800,534
367s.jpg,143,30,111,94,2,403,340
367sj.jpg,79,22,232,116,2,356,233
368sj.jpg,248,197,256,168,2,800,534
369s.jpg,103,76,39,29,2,259,194
369sj.jpg,11,22,217,186,2,224,224
36s.jpg,148,175,141,103,2,640,360
36sj.jpg,8,14,212,208,2,224,224
36sp.jpg,10,2,66,72,2,83,83
370s.jpg,158,113,156,108,2,500,375
371s.jpg,65,63,68,63,2,225,225
372s.jpg,237,140,57,63,2,425,368
372sj.jpg,93,20,135,146,2,317,205
373s.jpg,153,194,72,64,2,425,368
373sj.jpg,50,42,48,49,2,348,136
373sj.jpg,179,14,145,108,2,348,136
374s.jpg,66,100,79,71,2,225,225
375s.jpg,348,146,92,92,2,792,360
375sj.jpg,425,263,142,144,2,800,800
376s.jpg,626,559,138,87,2,844,999
376sj.jpg,42,162,150,82,2,500,493
376sj.jpg,115,181,349,251,2,500,493
377s.jpg,95,80,39,41,2,259,194
378s.jpg,226,102,58,119,2,500,359
379s.jpg,337,244,52,94,2,634,477
379sj.jpg,46,4,414,256,2,480,288
37s.jpg,186,88,262,196,2,620,349
37sj.jpg,380,208,78,43,2,700,394
37sp.jpg,0,4,110,98,2,108,108
380sj.jpg,111,17,223,222,2,500,331
381sj.jpg,16,14,200,184,2,224,224
382s.jpg,164,135,108,169,2,638,352
382sj.jpg,16,12,192,210,2,224,224
383s.jpg,515,700,81,126,2,844,999
383sj.jpg,166,172,240,176,2,516,413
384s.jpg,130,95,52,36,2,259,194
384sj.jpg,213,126,163,148,2,800,456
385s.jpg,97,66,60,66,2,273,184
388s.jpg,226,130,47,49,2,425,368
388sj.jpg,12,3,204,208,2,224,224
389s.jpg,115,75,45,36,2,259,194
389sj.jpg,96,117,332,340,2,800,534
38s.jpg,326,142,302,245,2,852,480
38sj.jpg,58,74,182,140,2,320,320
38sp.jpg,-4,-2,19,23,2,22,22
390s.jpg,209,375,73,65,2,634,845
392s.jpg,142,242,156,164,2,616,408
392sj.jpg,144,59,432,415,2,800,600
393s.jpg,277,134,95,66,2,640,360
393sj.jpg,118,30,139,169,2,354,249
394s.jpg,147,62,71,43,2,450,390
394sj.jpg,25,-1,183,227,2,224,224
395s.jpg,1355,2002,353,336,2,3024,4032
395sj.jpg,336,27,138,136,2,500,167
397s.jpg,634,479,84,101,2,1280,1024
397sj.jpg,160,107,140,166,2,495,339
398s.jpg,368,146,96,64,2,792,360
399s.jpg,87,52,59,95,2,259,194
399sj.jpg,110,83,60,60,2,500,211
39s.jpg,22,4,184,154,2,220,165
39sp.jpg,0,-4,14,23,2,19,19
3s.jpg,136,32,248,268,2,400,300
3sp.jpg,9,9,123,123,2,133,133
400s.jpg,96,51,83,96,2,259,194
400sj.jpg,132,159,404,411,2,800,600
401s.jpg,2011,1112,336,312,2,3888,2592
401sj.jpg,242,27,240,116,2,500,179
402s.jpg,198,158,112,121,2,500,375
402sj.jpg,20,34,122,115,2,500,500
402sj.jpg,200,48,82,93,2,500,500
402sj.jpg,362,28,93,124,2,500,500
402sj.jpg,22,182,120,120,2,500,500
402sj.jpg,184,174,127,146,2,500,500
402sj.jpg,340,180,139,146,2,500,500
402sj.jpg,335,352,136,105,2,500,500
402sj.jpg,42,344,100,128,2,500,500
402sj.jpg,184,398,74,82,2,500,500
402sj.jpg,246,380,70,40,2,500,500
403s.jpg,122,60,56,39,2,259,194
403sj.jpg,107,32,102,79,2,245,152
404s.jpg,337,184,88,92,2,634,477
404sj.jpg,182,46,565,432,2,1024,576
405s.jpg,256,154,94,80,2,640,360
406s.jpg,210,121,128,122,2,500,375
406sj.jpg,45,2,167,220,2,224,224
407s.jpg,233,152,102,52,2,634,477
408s.jpg,114,77,84,39,2,259,194
408sj.jpg,230,117,94,73,2,500,311
409s.jpg,376,140,86,86,2,792,360
409sj.jpg,91,43,75,82,2,259,186
40s.jpg,114,33,708,650,2,1000,694
40sj.jpg,162,88,169,192,2,500,332
410sj.jpg,46,22,196,144,2,324,201
411s.jpg,142,81,34,36,2,276,183
411sj.jpg,142,97,101,76,2,380,254
412s.jpg,1474,1883,366,455,2,3024,4032
412sj.jpg,126,124,252,127,2,500,500
413s.jpg,202,165,92,80,2,500,359
414s.jpg,93,64,40,54,2,225,225
414sj.jpg,0,4,476,380,2,512,384
415s.jpg,388,74,188,180,2,616,408
415sj.jpg,92,54,82,106,2,324,201
416s.jpg,82,63,80,76,2,259,194
416sj.jpg,225,155,508,639,2,1024,1024
417s.jpg,610,476,116,125,2,1280,1024
417sj.jpg,174,97,128,109,2,500,284
418s.jpg,222,430,85,66,2,634,845
418sj.jpg,9,2,203,216,2,224,224
419sj.jpg,105,112,405,555,2,599,800
41s.jpg,29,6,244,243,2,290,254
41sj.jpg,243,54,243,204,2,597,336
41sp.jpg,9,1,104,102,2,118,118
420s.jpg,106,41,44,49,2,276,183
421s.jpg,92,66,54,58,2,259,194
421sj.jpg,43,93,324,224,2,465,334
422s.jpg,272,146,105,77,2,640,360
423s.jpg,1145,2002,503,240,2,3024,4032
423sj.jpg,254,50,194,151,2,480,300
424s.jpg,218,118,73,36,2,500,281
424sj.jpg,4,6,204,239,2,215,271
425s.jpg,1999,1112,388,344,2,3888,2592
426s.jpg,44,98,173,212,2,616,408
427s.jpg,334,365,78,80,2,634,845
428s.jpg,329,135,66,81,2,634,467
428sj.jpg,184,209,126,102,2,500,499
429s.jpg,238,134,61,96,2,634,477
42s.jpg,275,568,1544,1152,2,1920,2560
42sj.jpg,290,121,81,76,2,500,333
42sp.jpg,3,-3,121,128,2,126,126
430s.jpg,110,65,52,48,2,275,183
430sj.jpg,13,30,204,172,2,224,224
431s.jpg,118,69,34,52,2,275,183
432s.jpg,139,77,55,40,2,276,183
432sj.jpg,141,53,335,332,2,848,566
433s.jpg,1643,872,336,392,2,3888,2592
434s.jpg,293,136,93,88,2,634,477
434sj.jpg,325,58,156,141,2,682,281
434sj.jpg,510,34,63,172,2,682,281
434sj.jpg,577,23,90,112,2,682,281
434sj.jpg,25,31,270,224,2,682,281
435s.jpg,85,58,74,64,2,273,184
436s.jpg,343,110,148,150,2,638,352
436sj.jpg,208,75,70,100,2,400,283
436sj.jpg,288,103,56,96,2,400,283
436sj.jpg,344,77,53,114,2,400,283
437s.jpg,59,104,95,96,2,403,340
437sj.jpg,209,36,52,57,2,690,362
437sj.jpg,275,19,58,36,2,690,362
437sj.jpg,299,51,46,44,2,690,362
437sj.jpg,449,43,41,60,2,690,362
437sj.jpg,490,159,39,56,2,690,362
437sj.jpg,277,230,56,32,2,690,362
437sj.jpg,221,251,44,64,2,690,362
437sj.jpg,171,304,44,52,2,690,362
438s.jpg,153,55,126,179,2,638,352
438sj.jpg,174,80,224,165,2,500,332
439s.jpg,598,431,116,101,2,1280,1024
439sj.jpg,317,219,143,117,2,800,603
43s.jpg,362,174,260,204,2,852,480
43sj.jpg,4,8,208,198,2,224,224
43sp.jpg,-2,3,139,119,2,136,136
440s.jpg,130,77,48,64,2,450,390
440sj.jpg,129,58,192,195,2,450,278
441s.jpg,210,165,100,73,2,500,359
441sj.jpg,207,132,67,66,2,500,357
442s.jpg,110,71,48,60,2,259,194
442sj.jpg,8,6,205,204,2,224,224
443s.jpg,123,69,33,34,2,275,183
443sj.jpg,93,68,231,224,2,424,397
444s.jpg,234,178,85,79,2,403,340
444sj.jpg,12,18,188,212,2,224,224
445s.jpg,205,188,84,88,2,634,477
446s.jpg,167,111,186,212,2,550,459
447s.jpg,152,31,184,219,2,800,568
447s.jpg,316,206,233,144,2,800,568
447s.jpg,477,350,173,157,2,800,568
448s.jpg,183,29,299,277,2,587,374
449s.jpg,311,333,185,216,2,800,800
44s.jpg,278,18,174,213,2,691,264
44sp.jpg,3,53,182,86,2,186,186
451s.jpg,159,133,155,146,2,500,375
452s.jpg,329,19,52,44,2,502,231
452s.jpg,364,113,39,44,2,502,231
452s.jpg,136,17,45,40,2,502,231
452s.jpg,205,2,38,27,2,502,231
452s.jpg,215,21,40,36,2,502,231
452s.jpg,191,177,48,26,2,502,231
452s.jpg,151,201,28,28,2,502,231
453s.jpg,20,14,180,175,2,224,224
455s.jpg,136,98,104,66,2,320,320
456s.jpg,12,10,210,208,2,224,224
457s.jpg,92,60,120,81,2,295,221
458s.jpg,86,0,72,116,2,248,199
458s.jpg,189,25,55,97,2,248,199
459s.jpg,225,214,117,142,2,545,533
45s.jpg,76,72,630,430,2,800,533
45sj.jpg,112,128,550,266,2,800,504
45sp.jpg,-3,7,137,127,2,136,136
460s.jpg,118,59,212,226,2,460,318
461s.jpg,270,228,262,192,2,800,532
462s.jpg,158,86,533,582,2,800,711
463s.jpg,687,340,113,102,2,1280,720
464s.jpg,140,87,174,168,2,392,298
465s.jpg,12,145,772,261,2,800,534
466s.jpg,116,81,434,475,2,585,800
467s.jpg,157,200,120,92,2,425,425
468s.jpg,14,12,198,202,2,224,224
46s.jpg,485,86,418,498,2,1280,720
46sp.jpg,3,18,100,91,2,110,110
471s.jpg,171,99,188,176,2,550,339
472s.jpg,136,118,303,220,2,500,392
475s.jpg,174,96,121,108,2,500,333
476s.jpg,111,194,53,38,2,333,500
477s.jpg,40,94,416,276,2,500,401
478s.jpg,7,9,192,119,2,229,172
47s.jpg,54,119,912,492,2,1000,675
47sj.jpg,455,188,430,485,2,1299,792
47sp.jpg,0,0,63,64,2,67,67
480s.jpg,-4,6,220,212,2,224,224
481s.jpg,137,93,340,263,2,602,452
482s.jpg,63,38,148,84,2,263,181
484s.jpg,9,19,245,421,2,282,473
485s.jpg,152,128,132,116,2,500,333
485s.jpg,298,120,148,109,2,500,333
486s.jpg,67,37,52,60,2,221,166
48s.jpg,23,32,468,312,2,670,409
48sj.jpg,12,34,198,152,2,224,224
48sp.jpg,7,-3,82,100,2,98,98
490s.jpg,139,186,76,74,2,333,500
492s.jpg,16,19,188,192,2,224,224
496s.jpg,20,23,241,248,2,287,306
497s.jpg,25,633,200,139,2,570,800
499s.jpg,214,104,276,227,2,800,451
49s.jpg,28,35,200,240,2,236,311
49sj.jpg,61,13,73,65,2,399,399
49sj.jpg,260,113,48,44,2,399,399
49sj.jpg,172,149,53,52,2,399,399
49sj.jpg,174,223,46,18,2,399,399
49sj.jpg,165,289,41,54,2,399,399
49sj.jpg,202,293,58,28,2,399,399
49sj.jpg,96,310,68,43,2,399,399
49sj.jpg,113,367,60,28,2,399,399
49sp.jpg,14,8,58,77,2,84,84
4s.jpg,160,126,260,162,2,640,360
4sj.jpg,95,64,115,115,2,324,201
4sp.jpg,7,5,112,124,2,133,133
500s.jpg,12,10,332,324,2,360,360
503s.jpg,198,159,106,55,2,500,375
503s.jpg,198,213,93,48,2,500,375
504s.jpg,12,40,178,136,2,224,224
505s.jpg,24,21,190,216,2,224,224
507s.jpg,214,160,58,52,2,500,389
508s.jpg,147,16,277,290,2,500,333
509s.jpg,126,127,38,51,2,500,375
50s.jpg,269,94,185,113,2,640,360
50sj.jpg,200,235,168,130,2,800,534
50sp.jpg,6,8,120,104,2,128,128
510s.jpg,10,6,202,216,2,224,224
511s.jpg,220,318,154,106,2,900,617
513s.jpg,1,33,200,129,2,256,175
514s.jpg,100,52,172,177,2,400,267
516s.jpg,149,77,203,138,2,640,435
517s.jpg,29,18,175,190,2,224,224
51s.jpg,62,127,122,84,2,235,322
51sj.jpg,88,97,265,280,2,500,444
51sp.jpg,0,2,116,116,2,120,120
522s.jpg,71,45,231,328,2,400,400
524s.jpg,200,135,288,236,2,800,450
525s.jpg,72,80,481,374,2,672,504
526s.jpg,16,44,202,128,2,309,211
527s.jpg,290,168,210,200,2,800,533
528s.jpg,-4,23,142,103,2,300,200
528s.jpg,162,84,132,110,2,300,200
529s.jpg,8,12,212,206,2,224,224
52sp.jpg,1,-1,116,117,2,121,121
534s.jpg,53,34,321,329,2,400,400
535s.jpg,109,106,204,121,2,473,295
537s.jpg,192,286,184,88,2,800,600
53s.jpg,73,37,173,322,2,377,398
53sj.jpg,42,33,70,75,2,200,133
53sp.jpg,-9,16,143,80,2,132,132
541s.jpg,8,7,205,195,2,224,224
543s.jpg,213,206,339,150,2,800,533
544s.jpg,158,85,150,99,2,500,332
546s.jpg,494,275,114,66,2,976,555
547s.jpg,91,22,160,153,2,358,232
548s.jpg,63,32,109,47,2,173,139
549s.jpg,183,64,35,63,2,308,211
549s.jpg,234,60,41,91,2,308,211
54s.jpg,57,63,185,85,2,288,202
54sj.jpg,24,22,188,192,2,224,224
54sp.jpg,5,5,83,85,2,95,95
550s.jpg,119,77,40,28,2,278,156
551s.jpg,88,54,94,112,2,279,233
552s.jpg,193,195,104,121,2,640,407
553s.jpg,12,8,204,211,2,224,224
554s.jpg,171,128,155,92,2,500,333
555s.jpg,28,12,194,198,2,224,224
556s.jpg,248,149,63,44,2,500,375
558s.jpg,82,48,103,119,2,281,233
559s.jpg,178,204,165,112,2,500,500
55s.jpg,34,48,470,534,2,540,625
55sj.jpg,110,105,156,96,2,500,375
55sp.jpg,-1,84,163,70,2,164,164
560s.jpg,417,105,331,256,2,800,534
566s.jpg,60,79,110,86,2,224,224
567s.jpg,33,8,170,204,2,224,224
569s.jpg,254,229,64,47,2,500,500
56s.jpg,516,111,493,307,2,1024,512
56s.jpg,113,38,196,396,2,1024,512
56sj.jpg,74,31,328,166,2,500,230
56sp.jpg,0,7,63,48,2,62,62
571s.jpg,46,12,216,180,2,295,221
572s.jpg,216,53,89,82,2,368,246
572s.jpg,64,113,130,100,2,368,246
574s.jpg,63,43,166,76,2,250,187
575s.jpg,29,43,218,170,2,569,235
575s.jpg,305,27,105,142,2,569,235
575s.jpg,438,33,72,158,2,569,235
575s.jpg,499,11,67,96,2,569,235
576s.jpg,147,65,192,163,2,550,339
578s.jpg,14,-10,202,230,2,224,224
579s.jpg,29,11,163,211,2,224,224
57s.jpg,183,384,222,164,2,1280,720
57s.jpg,525,286,169,182,2,1280,720
57s.jpg,980,237,198,136,2,1280,720
57sp.jpg,7,4,124,118,2,133,133
582s.jpg,147,208,66,100,2,385,500
585s.jpg,336,229,94,72,2,800,534
587s.jpg,203,72,209,194,2,500,333
589s.jpg,87,36,163,121,2,274,189
58s.jpg,83,59,126,120,2,350,250
58sj.jpg,234,142,64,44,2,500,348
58sp.jpg,5,5,29,38,2,42,42
591s.jpg,89,2,91,224,2,224,224
592s.jpg,219,126,35,36,2,500,281
594s.jpg,129,65,321,245,2,490,348
595s.jpg,1,4,221,216,2,224,224
596s.jpg,5,22,219,205,2,224,224
597s.jpg,8,10,208,216,2,224,224
598s.jpg,30,50,178,168,2,224,224
599s.jpg,384,229,258,243,2,800,540
59s.jpg,55,47,365,212,2,590,350
59sj.jpg,68,16,132,134,2,260,153
5s.jpg,70,26,210,203,2,480,270
5sj.jpg,163,67,76,123,2,302,185
5sp.jpg,3,3,107,104,2,114,114
600s.jpg,32,52,188,154,2,224,224
601s.jpg,0,14,224,206,2,224,224
602s.jpg,23,11,185,185,2,224,224
603s.jpg,2,20,216,182,2,224,224
604s.jpg,9,12,201,200,2,224,224
605s.jpg,-1,3,221,217,2,224,224
606s.jpg,24,15,181,211,2,224,224
607s.jpg,0,6,213,214,2,224,224
608s.jpg,29,6,176,212,2,224,224
609s.jpg,-2,3,190,207,2,224,224
60s.jpg,296,146,88,86,2,640,360
60sj.jpg,37,15,171,211,2,224,224
60sp.jpg,9,3,60,62,2,66,66
610s.jpg,56,20,388,343,2,632,370
611s.jpg,30,-2,186,228,2,224,224
612s.jpg,36,10,188,208,2,224,224
613s.jpg,8,8,212,202,2,224,224
614s.jpg,20,16,196,200,2,224,224
615s.jpg,10,-2,198,224,2,224,224
616s.jpg,42,7,166,219,2,224,224
617s.jpg,4,12,221,204,2,224,224
618s.jpg,8,-2,209,216,2,224,224
619s.jpg,21,6,199,208,2,224,224
61s.jpg,7,7,132,105,2,150,113
61sj.jpg,532,476,100,58,2,800,652
61sp.jpg,4,12,52,43,2,59,59
620s.jpg,25,10,192,192,2,224,224
621s.jpg,207,332,130,80,2,653,800
622s.jpg,28,10,188,209,2,224,224
623s.jpg,4,14,192,212,2,224,224
624s.jpg,1,31,219,165,2,224,224
625s.jpg,1,26,225,194,2,224,224
626s.jpg,18,46,208,170,2,224,224
627s.jpg,28,2,188,230,2,224,224
628s.jpg,20,10,194,202,2,224,224
629s.jpg,12,2,204,220,2,224,224
62s.jpg,22,24,889,456,2,980,490
62sj.jpg,159,108,312,164,2,550,341
62sp.jpg,1,-5,58,69,2,58,58
630s.jpg,20,18,194,172,2,224,224
631s.jpg,8,18,208,200,2,224,224
632s.jpg,17,7,205,210,2,224,224
633s.jpg,12,10,204,210,2,224,224
634s.jpg,21,18,180,177,2,224,224
635s.jpg,20,10,196,204,2,224,224
636s.jpg,24,27,190,187,2,224,224
637s.jpg,36,34,138,156,2,224,224
638s.jpg,39,26,170,154,2,224,224
639s.jpg,0,-2,220,216,2,224,224
63s.jpg,309,286,148,77,2,634,481
63sj.jpg,28,14,216,158,2,295,221
63sp.jpg,1,-1,63,67,2,72,72
640s.jpg,-10,4,219,189,2,224,224
641s.jpg,21,18,183,168,2,224,224
642s.jpg,28,4,184,210,2,224,224
643s.jpg,41,129,150,130,2,386,320
643s.jpg,97,42,265,160,2,386,320
644s.jpg,30,0,178,214,2,224,224
645s.jpg,32,2,192,216,2,224,224
646s.jpg,13,12,195,206,2,224,224
647s.jpg,8,8,202,202,2,224,224
648s.jpg,6,19,215,188,2,224,224
649s.jpg,13,10,200,208,2,224,224
64sj.jpg,79,39,68,76,2,246,184
64sp.jpg,0,11,108,80,2,112,112
650s.jpg,16,20,198,191,2,224,224
651s.jpg,32,26,180,192,2,224,224
652s.jpg,8,30,212,184,2,224,224
653s.jpg,-2,12,209,203,2,224,224
654s.jpg,100,92,270,338,2,500,500
655s.jpg,1,18,207,204,2,224,224
656s.jpg,7,64,431,224,2,450,324
657s.jpg,8,4,201,194,2,224,224
658s.jpg,94,104,272,268,2,500,500
65s.jpg,2,15,288,193,2,300,227
65sj.jpg,4,0,192,214,2,224,224
65sp.jpg,0,7,121,101,2,122,122
661s.jpg,70,18,351,251,2,513,342
662s.jpg,36,33,746,538,2,800,599
664s.jpg,140,114,372,300,2,640,480
665s.jpg,9,34,211,156,2,224,224
667s.jpg,241,176,437,356,2,1200,900
668s.jpg,16,4,189,210,2,224,224
66s.jpg,46,75,227,220,2,290,362
66sp.jpg,16,10,116,123,2,143,143
670s.jpg,286,147,32,38,2,500,375
671s.jpg,21,27,404,377,2,450,450
674s.jpg,34,47,755,447,2,800,536
675s.jpg,3,-1,154,136,2,157,152
676s.jpg,50,163,276,100,2,500,371
678s.jpg,258,183,38,34,2,500,351
679s.jpg,4,-2,214,217,2,224,224
67s.jpg,236,83,185,292,2,600,451
67sj.jpg,170,127,256,272,2,550,550
67sp.jpg,-2,13,127,108,2,127,127
680s.jpg,165,135,318,344,2,650,650
681s.jpg,250,182,170,95,2,670,800
682s.jpg,79,36,111,134,2,281,233
683s.jpg,310,214,190,144,2,800,552
686s.jpg,96,85,262,223,2,500,500
687s.jpg,186,88,120,112,2,500,332
689s.jpg,10,3,206,220,2,224,224
68s.jpg,83,1,463,337,2,620,350
690s.jpg,8,3,214,209,2,224,224
69s.jpg,10,9,488,426,2,500,439
69sj.jpg,208,197,359,385,2,800,800
69sp.jpg,2,2,102,90,2,100,100
6s.jpg,49,30,680,643,2,800,730
6sj.jpg,48,22,260,196,2,400,320
6sp.jpg,2,23,128,96,2,131,131
70s.jpg,32,20,458,289,2,500,323
70sj.jpg,148,119,224,110,2,495,403
71s.jpg,17,23,826,537,2,870,600
71sj.jpg,94,53,276,256,2,500,375
71sp.jpg,-10,6,64,44,2,56,56
72s.jpg,94,99,872,1086,2,1078,1227
72sj.jpg,2,23,214,180,2,224,224
72sp.jpg,0,4,126,126,2,128,128
73s.jpg,42,70,495,637,2,589,800
73sj.jpg,177,137,221,173,2,450,340
73sp.jpg,7,8,80,80,2,85,85
74s.jpg,18,15,426,312,2,500,344
74sj.jpg,18,66,26,19,2,259,190
74sj.jpg,84,49,34,20,2,259,190
74sj.jpg,56,107,26,26,2,259,190
74sj.jpg,214,150,26,25,2,259,190
74sp.jpg,17,6,69,89,2,97,97
75s.jpg,8,62,600,285,2,600,425
75sp.jpg,7,6,74,73,2,89,89
76s.jpg,32,-2,508,560,2,575,575
76sj.jpg,0,2,218,220,2,224,224
76sp.jpg,3,7,99,97,2,115,115
77s.jpg,12,6,580,557,2,615,600
77sj.jpg,193,62,470,440,2,790,593
77sp.jpg,2,15,141,119,2,145,145
78s.jpg,23,1,437,316,2,468,316
78sj.jpg,31,20,186,108,2,221,165
78sp.jpg,7,2,96,96,2,109,109
79s.jpg,61,6,455,412,2,620,445
79sj.jpg,6,20,203,178,2,224,224
79sp.jpg,10,2,91,108,2,104,104
7sj.jpg,238,108,92,129,2,500,333
7sp.jpg,2,4,32,26,2,36,36
80s.jpg,12,5,243,396,2,278,399
80sj.jpg,27,80,140,114,2,550,340
80sj.jpg,147,212,128,134,2,550,340
80sp.jpg,-10,14,102,80,2,96,96
81s.jpg,10,46,293,339,2,306,399
81sj.jpg,4,17,170,148,2,172,173
81sp.jpg,8,6,108,108,2,120,120
82s.jpg,76,19,656,429,2,800,450
82sj.jpg,93,31,194,169,2,390,218
83s.jpg,6,25,208,278,2,220,330
83sj.jpg,161,246,51,42,2,375,500
83sp.jpg,0,21,130,101,2,132,132
84s.jpg,141,68,714,758,2,1000,889
84sj.jpg,16,6,196,208,2,224,224
84sp.jpg,0,-7,109,112,2,110,110
85s.jpg,106,57,502,319,2,700,436
85sj.jpg,138,60,224,202,2,500,332
85sp.jpg,-1,-3,83,85,2,84,84
86sj.jpg,178,92,196,180,2,500,333
86sp.jpg,4,3,106,100,2,107,107
87s.jpg,40,42,553,368,2,615,409
87sj.jpg,8,27,209,193,2,224,224
87sp.jpg,10,8,80,79,2,91,91
88s.jpg,98,24,684,477,2,900,500
88sj.jpg,61,80,312,272,2,450,450
88sp.jpg,0,3,128,138,2,142,142
89s.jpg,38,64,411,300,2,488,412
89sj.jpg,89,150,404,284,2,800,664
8s.jpg,13,101,324,207,2,338,365
8sp.jpg,-9,-2,47,41,2,43,43
90s.jpg,15,71,664,329,2,700,466
90sj.jpg,165,165,653,485,2,950,735
91s.jpg,25,14,542,716,2,600,736
91sj.jpg,56,135,826,561,2,960,797
91sp.jpg,4,7,110,105,2,123,123
92s.jpg,202,55,79,56,2,450,390
92sj.jpg,349,121,370,440,2,1021,622
92sp.jpg,5,4,105,99,2,114,114
93s.jpg,101,54,429,232,2,600,368
93sj.jpg,103,61,78,91,2,361,181
93sp.jpg,-7,6,141,102,2,128,128
94s.jpg,36,36,138,144,2,220,196
94sj.jpg,67,15,122,148,2,254,179
95s.jpg,142,185,456,201,2,600,399
95sj.jpg,82,51,187,238,2,335,310
95sp.jpg,-2,2,125,113,2,121,121
96s.jpg,93,97,862,479,2,1030,686
96sj.jpg,0,18,218,209,2,224,224
96sp.jpg,6,-2,82,90,2,91,91
97s.jpg,93,81,114,100,2,350,262
97sp.jpg,3,-1,37,38,2,46,46
98s.jpg,14,5,280,208,2,300,222
98sj.jpg,12,10,213,206,2,224,224
99s.jpg,146,78,696,492,2,900,639
99sj.jpg,364,282,120,104,2,800,600
99sp.jpg,8,5,64,66,2,87,87
9s.jpg,10,24,256,212,2,290,269
9sj.jpg,217,40,142,109,2,550,341
9sj.jpg,159,105,112,115,2,550,341
9sj.jpg,288,168,111,76,2,550,341
9sp.jpg,0,11,133,113,2,130,130
